season,radio_tag_id,pit_tag_id,srr,length,weight,tag_purpose,release_site,fish_name,duty_cycle,activation_time,release_time,notes
17_18,1265A,3DD.0077585571,11W,"NA","NA",fish,LLRTP,Phil_McCracken,batch_1,43024.525694444441,43027.277083333334,"NA"
17_18,1280A,3DD.0077594D2D,11W,121,22,fish,LLRTP,Clyde_The_Glyde_Drexler,batch_1,43018.634027777778,43020.791666666664,Release Time Estimated
17_18,1340A,3DD.0077588CBF,11W,"NA","NA",fish,LLRTP,Dame_Dolla,batch_1,43024.534722222219,43027.26458333333,"NA"
17_18,1355A,3DD.007759817F,11W,110,15.6,fish,LLRTP,Hanson,batch_1,43018.64702546296,43020.791666608799,Release Time Estimated
17_18,1370A,3DD.007758923F,11W,120,19,fish,LLRTP,Roy_Munson,batch_1,43038.590277777781,43042.270833333336,Release Time Estimated
17_18,1385A,3DD.00775A1287,11W,114,19.2,fish,LLRTP,The_Dude,batch_1,43018.617384259262,43020.791666608799,Release Time Estimated
17_18,1400A,3DD.007758E018,11W,"NA","NA",fish,LLRTP,N_Sync,on_off,43024.518055555556,43027.292361111111,"NA"
17_18,1415A,3DD.007757FFD7,11W,113,15.1,fish,LLRTP,Harry,on_off,43038.626388888886,43042.270833333336,Release Time Estimated
17_18,1430A,3DD.00775807F4,11W,120,20.100000000000001,fish,LLRTP,Lloyd,on_off,43038.625694444447,43042.270833333336,Release Time Estimated
17_18,1445A,3DD.007759B700,11W,119,19.399999999999999,fish,LLRTP,Prefontaine,on_off,43018.626793981479,43020.791666608799,Release Time Estimated
17_18,2260A,3DD.0077587457,11W,115,19.100000000000001,fish,LLRTP,Freida_Feltcher,batch_1,43018.616122685184,43020.791666608799,Release Time Estimated
17_18,2290A,"NA",11W,"NA","NA",fish,LLRTP,The_Gas_Man,batch_1,43024.535416666666,43027.291666666664,Release Time Estimated
17_18,2305A,3DD.0077599CAD,11W,105,12.6,fish,LLRTP,MadMax,batch_1,43018.615266203706,43020.791666608799,Release Time Estimated
17_18,2335A,3DD.007759E33C,11W,121,19.5,fish,LLRTP,Furiosa,batch_1,43038.616666666669,43042.270833333336,Release Time Estimated
17_18,2350A,3DD.007759853B,11W,126,21.9,fish,LLRTP,Jonathan_Taylor_Thomas,batch_1,43038.595138888886,43042.270833333336,Release Time Estimated
17_18,2365A,"NA",11W,"NA","NA",fish,LLRTP,Diego,batch_1,43024.526388888888,43027.291666666664,Release Time Estimated
17_18,2380A,3DD.0077590408,11W,113,17.899999999999999,fish,LLRTP,Fast_Eddy,batch_1,43018.614305555559,43020.791666608799,Release Time Estimated
17_18,2395A,3DD.00775A7387,11W,"NA","NA",fish,LLRTP,Left_Eye_Lopez,on_off,43024.518055555556,43027.290972222225,"NA"
17_18,2410A,3DD.007759AA9A,11W,118,21.1,fish,LLRTP,Mr_Pickles,on_off,43018.627685185187,43020.791666608799,Release Time Estimated
17_18,3255A,3DD.0077590420,11W,117,15.3,fish,LLRTP,Chris_Farley,batch_1,43038.597222222219,43042.270833333336,Release Time Estimated
17_18,3270A,"NA",11W,"NA","NA",fish,LLRTP,Gilmore_Happy,batch_1,43024.546527777777,43027.291666666664,Release Time Estimated
17_18,3285A,3DD.0077592539,11W,115,16.600000000000001,fish,LLRTP,Tristan,batch_1,43018.621087962965,43020.791666608799,Release Time Estimated
17_18,3315A,3DD.0077597FBB,11W,111,16.3,fish,LLRTP,Nick_Carter,batch_1,43018.634027777778,43020.791666608799,Release Time Estimated
17_18,3330A,3DD.00775894FF,11W,"NA","NA",fish,LLRTP,Dirty_Gerty,batch_1,43024.527083333334,43027.272222222222,"NA"
17_18,3345A,"NA",11W,"NA","NA",fish,LLRTP,Peter_Pan,batch_1,43024.536111111112,43027.291666666664,Release Time Estimated
17_18,3360A,3DD.0077589352,11W,118,19.100000000000001,fish,LLRTP,Speedy_Spice,batch_1,43038.597916666666,43042.270833333336,Release Time Estimated
17_18,3375A,3DD.007759B79C,11W,115,19.5,fish,LLRTP,Mia,batch_1,43018.619930555556,43020.791666608799,Release Time Estimated
17_18,3405A,3DD.007758E22E,11W,112,16.7,fish,LLRTP,Baron_Trump,on_off,43018.631377314814,43020.791666608799,Release Time Estimated
17_18,3420A,"NA","NA","NA","NA",fish,LLRTP,Taylor_Swift,on_off,43024.518750000003,43027.291666666664,Release Time Estimated
17_18,4265A,"NA",11W,"NA","NA",fish,LLRTP,Jaws,batch_1,43024.545138888891,43027.291666666664,Release Time Estimated
17_18,4280A,"NA",11W,"NA","NA",fish,LLRTP,Al_G_Scales,batch_1,43024.527777777781,43027.291666666664,Release Time Estimated
17_18,4295A,3DD.0077584725,11W,121,21.5,fish,LLRTP,SpongeBob_SquareFins,batch_1,43038.618055555555,43042.270833333336,Release Time Estimated
17_18,4310A,3DD.00775A194B,11W,112,15.9,fish,LLRTP,Bubbles,batch_1,43038.602083333331,43042.270833333336,Release Time Estimated
17_18,4325A,3DD.0077583E40,11W,116,19,fish,LLRTP,Sturgeon_General,batch_1,43018.622673611113,43020.791666608799,Release Time Estimated
17_18,4355A,3DD.007759F91A,11W,116,18.2,fish,LLRTP,Sue_Shee,batch_1,43018.625879629632,43020.791666608799,Release Time Estimated
17_18,4370A,3DD.00775A4055,11W,107,14,fish,LLRTP,The_Reel_Mc_Koi,batch_1,43018.621388888889,43020.791666608799,Release Time Estimated
17_18,4385A,"NA",11W,"NA","NA",fish,LLRTP,ChumChumChum,batch_1,43024.539583333331,43027.291666666664,Release Time Estimated
17_18,4400A,3DD.00775973A0,11W,115,15.9,fish,LLRTP,Anna_Dromous,on_off,43038.600694444445,43042.270833333336,Release Time Estimated
17_18,4415A,3DD.00775915CD,11W,113,16.100000000000001,fish,LLRTP,Richard_Robert_Dick_Bob,on_off,43038.599305555559,43042.270833333336,Release Time Estimated
17_18,4430A,3DD.007759ACE2,11W,108,14.7,fish,LLRTP,Khaleesi,on_off,43018.653877314813,43020.791666608799,Release Time Estimated
17_18,5260A,"NA",11W,"NA","NA",fish,LLRTP,Pumpkin,batch_1,43024.529166666667,43027.291666666664,Release Time Estimated
17_18,5275A,3DD.00775A3CC7,11W,105,14.1,fish,LLRTP,PeeWee_Herman,batch_1,43018.621979166666,43020.791666608799,Release Time Estimated
17_18,5290A,3DD.0077594180,11W,110,16,fish,LLRTP,Espresso,batch_1,43018.621678240743,43020.791666608799,Release Time Estimated
17_18,5320A,"NA",11W,"NA","NA",fish,LLRTP,Thunder_Smolt,batch_1,43024.540277777778,43027.291666666664,Release Time Estimated
17_18,5335A,"NA",11W,"NA","NA",fish,LLRTP,Cee_Bound,batch_1,43024.544444444444,43027.291666666664,Release Time Estimated
17_18,5350A,3DD.007758D532,11W,115,18.2,fish,LLRTP,Harold,batch_1,43038.620833333334,43042.270833333336,Release Time Estimated
17_18,5365A,3DD.007758092C,11W,110,15.5,fish,LLRTP,Prison_Mike,batch_1,43018.622291666667,43020.791666608799,Release Time Estimated
17_18,5395A,3DD.007756948D,11W,113,18,fish,LLRTP,Dobby,on_off,43018.649004629631,43020.791666608799,Release Time Estimated
17_18,5410A,3DD.007758BA44,11W,114,18.600000000000001,fish,LLRTP,Sally_Sassafras,on_off,43038.602777777778,43042.270833333336,Release Time Estimated
17_18,5425A,3DD.007759A6EA,11W,"NA","NA",fish,LLRTP,Big_Red,on_off,43024.519444444442,43027.286111111112,"NA"
17_18,6255A,3DD.0077586213,11W,111,16.5,fish,LLRTP,Cedar_Plank,batch_1,43018.64503472222,43020.791666608799,Release Time Estimated
17_18,6270A,3DD.007759566E,11W,113,18.5,fish,LLRTP,Professor_Honeydew,batch_1,43038.603472222225,43042.270833333336,Release Time Estimated
17_18,6285A,3DD.007759C0A4,11W,"NA","NA",fish,LLRTP,Usain_Smolt,batch_1,43024.529861111114,43027.299305555556,"NA"
17_18,6300A,"NA",11W,"NA","NA",fish,LLRTP,Big_Fat_Goalie,batch_1,43024.540972222225,43027.291666666664,Release Time Estimated
17_18,6315A,3DD.0077584600,11W,125,23.7,fish,LLRTP,FloJo,batch_1,43018.624074074076,43020.791666608799,Release Time Estimated
17_18,6330A,3DD.00775A56FB,11W,108,15.4,fish,LLRTP,Frodo,batch_1,43018.623055555552,43020.791666608799,Release Time Estimated
17_18,6345A,"NA",11W,"NA","NA",fish,LLRTP,The_Brewmaster,batch_1,43024.543749999997,43027.291666666664,Release Time Estimated
17_18,6360A,3DD.0077593F36,11W,115,17.399999999999999,fish,LLRTP,Pistol_Pete,batch_1,43038.622916666667,43042.270833333336,Release Time Estimated
17_18,6390A,3DD.00775980C2,11W,"NA","NA",fish,LLRTP,Snoop_Dog,on_off,43024.519444444442,43027.283333333333,"NA"
17_18,6420A,3DD.0077581F63,11W,105,15.7,fish,LLRTP,Bob_Marley,on_off,43018.628495370373,43020.791666608799,Release Time Estimated
17_18,7265A,"NA",11W,"NA","NA",fish,LLRTP,Loretta_Lynn,batch_1,43024.53125,43027.291666666664,Release Time Estimated
17_18,7280A,3DD.007758DA93,11W,118,19.399999999999999,fish,LLRTP,Jack_Handy,batch_1,43018.653506944444,43020.791666608799,Release Time Estimated
17_18,7295A,3DD.007758C199,11W,120,21.1,fish,LLRTP,Gonzalez,batch_1,43018.627164351848,43020.791666608799,Release Time Estimated
17_18,7310A,"NA",11W,"NA","NA",fish,LLRTP,Gumby,batch_1,43024.53125,43027.291666666664,Release Time Estimated
17_18,7325A,"NA",11W,"NA","NA",fish,LLRTP,Marge_Simpson,batch_1,43024.542361111111,43027.291666666664,Release Time Estimated
17_18,7340A,3DD.007758DE41,11W,121,20.9,fish,LLRTP,Free_Willy,batch_1,43038.606944444444,43042.270833333336,Release Time Estimated
17_18,7355A,3DD.007758B164,11W,115,16.3,fish,LLRTP,Linus,batch_1,43038.604166666664,43042.270833333336,Release Time Estimated
17_18,7370A,3DD.0077588A34,11W,110,15.5,fish,LLRTP,Calvin,batch_1,43038.605555555558,43042.270833333336,Release Time Estimated
17_18,7385A,3DD.007759A105,11W,120,20.7,fish,LLRTP,Hobbes,batch_1,43018.63003472222,43020.791666608799,Release Time Estimated
17_18,7400A,3DD.007758C782,11W,"NA","NA",fish,LLRTP,Shania_Twain,on_off,43024.520833333336,43027.282638888886,"NA"
17_18,7415A,3DD.00775A6616,11W,108,14.4,fish,LLRTP,Ringo_Star,on_off,43018.62939814815,43020.791666608799,Release Time Estimated
17_18,7430A,3DD.007759D3FF,11W,116,18.8,fish,LLRTP,Flipper,on_off,43038.605555555558,43042.270833333336,Release Time Estimated
17_18,8290A,"NA",11W,"NA","NA",fish,LLRTP,Nemo,batch_1,43024.543055555558,43027.291666666664,Release Time Estimated
17_18,8305A,3DD.00775A070A,11W,111,17.8,fish,LLRTP,Jose,batch_1,43018.645416666666,43020.791666608799,Release Time Estimated
17_18,8320A,3DD.00775A32F9,11W,111,17,fish,LLRTP,HoseB,batch_1,43018.627974537034,43020.791666608799,Release Time Estimated
17_18,8335A,3DD.00775820E9,11W,110,17.2,fish,LLRTP,Keith_Richards,batch_1,43018.632997685185,43020.791666608799,Release Time Estimated
17_18,8350A,3DD.00775985B9,11W,124,22.6,fish,LLRTP,Jerry_Springer,batch_1,43038.609722222223,43042.270833333336,Release Time Estimated
17_18,8365A,"NA",11W,"NA","NA",fish,LLRTP,Trey_Anastasio,batch_1,43024.543055555558,43027.291666666664,Release Time Estimated
17_18,8380A,"NA",11W,"NA","NA",fish,LLRTP,Jon_Fishman,batch_1,43024.531944444447,43027.291666666664,Release Time Estimated
17_18,8410A,3DD.00775887BC,11W,102,12.7,fish,LLRTP,Jerry_Garcia,on_off,43038.607638888891,43042.270833333336,Release Time Estimated
17_18,8425A,3DD.0077583E62,11W,"NA","NA",fish,LLRTP,Kelly_Kapowski,on_off,43024.522916666669,43027.310416666667,"NA"
17_18,9255A,3DD.007759625E,11W,112,15.2,fish,LLRTP,Zack_Morris,batch_1,43038.611805555556,43042.270833333336,Release Time Estimated
17_18,9285A,"NA",11W,"NA","NA",fish,LLRTP,Hannah_Montana,batch_1,43024.543055555558,43027.291666666664,Release Time Estimated
17_18,9300A,"NA",11W,"NA","NA",fish,LLRTP,Dora_The_Explorer,batch_1,43024.53402777778,43027.291666666664,Release Time Estimated
17_18,9315A,3DD.007759279F,11W,109,14.4,fish,LLRTP,Sally_Houseman,batch_1,43018.626226851855,43020.791666608799,Release Time Estimated
17_18,9330A,3DD.0077583987,11W,109,15.6,fish,LLRTP,Topanga,batch_1,43018.632685185185,43020.791666608799,Release Time Estimated
17_18,9360A,3DD.00775A7462,11W,115,17.600000000000001,fish,LLRTP,Samwise,batch_1,43018.630358796298,43020.791666608799,Release Time Estimated
17_18,9390A,3DD.007758D47E,11W,"NA","NA",fish,LLRTP,Hagrid,on_off,43024.522916666669,43027.279166666667,"NA"
17_18,1295A,"NA","NA","NA","NA","NA","NA","NA",batch_1,"NA","NA",Not Activated
17_18,1310A,"NA","NA","NA","NA","NA","NA","NA",batch_1,"NA","NA",Not Activated
17_18,2275A,"NA","NA","NA","NA","NA","NA","NA",batch_1,"NA","NA",Not Activated
17_18,2320A,"NA","NA","NA","NA","NA","NA","NA",batch_1,"NA","NA",Not Activated
17_18,2425A,"NA","NA","NA","NA","NA","NA","NA",on_off,"NA","NA",Not Activated
17_18,3390A,"NA","NA","NA","NA","NA","NA","NA",on_off,"NA","NA",Not Activated
17_18,3435A,"NA","NA","NA","NA","NA","NA","NA",on_off,"NA","NA",Not Activated
17_18,4340A,"NA","NA","NA","NA","NA","NA","NA",batch_1,"NA","NA",Not Activated
17_18,5305A,"NA","NA","NA","NA","NA","NA","NA",batch_1,"NA","NA",Not Activated
17_18,5380A,"NA","NA","NA","NA","NA","NA","NA",batch_1,"NA","NA",Not Activated
17_18,6405A,"NA","NA","NA","NA","NA","NA","NA",on_off,"NA","NA",Not Activated
17_18,8275A,"NA","NA","NA","NA","NA","NA","NA",batch_1,"NA","NA",Not Activated
17_18,8395A,"NA","NA","NA","NA","NA","NA","NA",on_off,"NA","NA",Not Activated
17_18,9420A,"NA","NA","NA","NA","NA","NA","NA",on_off,"NA","NA",Not Activated
17_18,1325A,"NA","NA","NA","NA",test,"NA","NA",batch_1,43018.653136574074,"NA","NA"
17_18,2440A,"NA","NA","NA","NA",test,"NA","NA",on_off,43024.523611111108,"NA","NA"
17_18,3300A,"NA","NA","NA","NA",test,"NA","NA",batch_1,43024.535416666666,"NA","NA"
17_18,6375A,"NA","NA","NA","NA",test,"NA","NA",batch_1,43038.623611111114,"NA","NA"
17_18,8260A,"NA","NA","NA","NA",test,"NA","NA",batch_1,43038.609027777777,"NA","NA"
17_18,9270A,"NA","NA","NA","NA",test,"NA","NA",batch_1,43038.611111111109,"NA","NA"
17_18,9345A,"NA","NA","NA","NA",test,"NA","NA",batch_1,43018.652754629627,"NA","NA"
17_18,9405A,"NA","NA","NA","NA",test,"NA","NA",on_off,43018.652222222219,"NA","NA"
18_19,1240B,3DD.00776F9989,11W,109,13.8,fish,PAHTRP,"NA",batch_1,43395.650173611109,43402.697916666664,"NA"
18_19,1245B,"NA","NA","NA","NA",test,"NA","NA",batch_1,43394.644803240742,"NA","NA"
18_19,1250B,3DD.00777067B5,11W,111,13.1,fish,LLRTP,"NA",batch_1,43395.649189814816,43401.708333333336,"NA"
18_19,1255B,3DD.007770FC89,11W,117,13.5,fish,LLRTP,"NA",batch_1,43395.661874999998,43396.75,"NA"
18_19,1260B,3DD.00776ED80A,11W,118,16.8,fish,LLRTP,"NA",batch_1,43395.651377314818,43403.729166666664,"NA"
18_19,1265B,3DD.00776E9125,11W,116,16.5,fish,LLRTP,"NA",batch_1,43395.655821759261,43403.708333333336,"NA"
18_19,1270B,3DD.00776F6332,11W,119,15.6,fish,LLRTP,"NA",batch_1,43404.339988425927,43404.697916666664,"NA"
18_19,1275B,3DD.0077AFF9B7,11W,116,17,fish,LLRTP,"NA",batch_1,43404.342592592591,43404.697916666664,"NA"
18_19,1280B,3DD.00776F7F38,11W,113,15.5,fish,LLRTP,"NA",batch_1,43395.659560185188,43403.708333333336,"NA"
18_19,1285B,3DD.00776F6884,11W,120,18.2,fish,LLRTP,"NA",batch_1,43404.332905092589,43404.697916666664,"NA"
18_19,1290B,3DD.00776F7A0B,11W,115,14.5,fish,LLRTP,"NA",batch_1,43395.65351851852,43403.708333333336,"NA"
18_19,1295B,3DD.00776EA171,11W,121,16.399999999999999,fish,LLRTP,"NA",batch_1,43395.661377314813,43396.75,"NA"
18_19,1300B,3DD.0077AFE8DF,11W,121,19,fish,LLRTP,"NA",batch_1,43404.460034722222,43404.697916666664,"NA"
18_19,1305B,3DD.00776EF7E8,11W,102,12.8,fish,LLRTP,"NA",batch_1,43404.335069444445,43404.697916666664,"NA"
18_19,1310B,3DD.00776F580E,11W,135,26.4,fish,PAHTRP,"NA",batch_1,43395.650879629633,43402.697916666664,"NA"
18_19,1315B,3DD.00777025EA,11W,117,16,fish,LLRTP,"NA",batch_1,43404.338831018518,43404.697916666664,"NA"
18_19,1320B,3DD.0077703DD7,11W,112,14.1,fish,LLRTP,"NA",batch_2,43395.237893518519,43401.708333333336,"NA"
18_19,1325B,3DD.00776EB71A,11W,129,21.2,fish,LLRTP,"NA",batch_2,43395.245509259257,43403.729166666664,"NA"
18_19,1330B,3DD.00776F3898,11W,105,12,fish,LLRTP,"NA",batch_2,43395.238553240742,43403.729166666664,"NA"
18_19,1335B,3DD.00776F4532,11W,118,17.100000000000001,fish,LLRTP,"NA",batch_2,43395.239189814813,43404.697916666664,"NA"
18_19,1340B,3DD.00776F6F41,11W,111,13.4,fish,LLRTP,"NA",batch_2,43395.240659722222,43396.75,"NA"
18_19,1345B,"NA","NA","NA","NA",test,"NA","NA",batch_2,43394.646770833337,"NA","NA"
18_19,1350B,3DD.00776F97F3,11W,120,17,fish,LLRTP,"NA",batch_2,43395.241655092592,43396.75,"NA"
18_19,1355B,3DD.00776ED275,11W,118,15.7,fish,LLRTP,"NA",batch_2,43395.238819444443,43403.729166666664,"NA"
18_19,1360B,3DD.00776EFB18,11W,114,16.899999999999999,fish,LLRTP,"NA",batch_2,43395.249120370368,43403.729166666664,"NA"
18_19,1365B,3DD.00776F3A17,11W,135,27,fish,LLRTP,"NA",batch_2,43395.236863425926,43401.708333333336,"NA"
18_19,1370B,3DD.00776F6D56,11W,114,14.8,fish,LLRTP,"NA",batch_2,43395.241481481484,43396.75,"NA"
18_19,1375B,3DD.00777089B1,11W,108,13.9,fish,LLRTP,"NA",batch_3,43394.682534722226,43395.75,"NA"
18_19,1380B,3DD.00777002A1,11W,118,18.100000000000001,fish,LLRTP,"NA",batch_3,43394.663518518515,43395.75,"NA"
18_19,1385B,3DD.00776F6063,11W,115,16.3,fish,LLRTP,"NA",batch_3,43394.66505787037,43395.75,"NA"
18_19,1390B,3DD.0077707AA3,11W,112,15.3,fish,LLRTP,"NA",batch_3,43394.673726851855,43395.75,"NA"
18_19,1395B,3DD.0077709E85,11W,114,16.3,fish,LLRTP,"NA",batch_3,43394.675300925926,43395.75,"NA"
18_19,1400B,"NA","NA","NA","NA",test,"NA","NA",batch_3,43394.651296296295,"NA","NA"
18_19,1405B,3DD.00776F4656,11W,113,16.7,fish,LLRTP,"NA",batch_3,43394.677118055559,43404.697916666664,"NA"
18_19,1410B,3DD.0077703346,11W,111,14.5,fish,LLRTP,"NA",batch_3,43394.665312500001,43395.75,"NA"
18_19,1415B,3DD.00776FDA8F,11W,119,15.1,fish,LLRTP,"NA",batch_3,43394.676388888889,43395.75,"NA"
18_19,1420B,3DD.00776FFB07,11W,113,15.5,fish,LLRTP,"NA",batch_3,43394.665509259263,43395.75,"NA"
18_19,2240B,3DD.0077707E73,11W,121,19.899999999999999,fish,LLRTP,"NA",batch_1,43395.658402777779,43403.729166666664,"NA"
18_19,2245B,3DD.00776F999E,11W,112,14.2,fish,LLRTP,"NA",batch_1,43404.338599537034,43404.697916666664,"NA"
18_19,2250B,3DD.00776EA758,11W,115,14.1,fish,LLRTP,"NA",batch_1,43395.6559837963,43403.729166666664,"NA"
18_19,2255B,3DD.00776E9D9D,11W,118,15.6,fish,LLRTP,"NA",batch_1,43404.33084490741,43404.697916666664,"NA"
18_19,2260B,3DD.00776EDE86,11W,123,17.100000000000001,fish,LLRTP,"NA",batch_1,43395.655358796299,43403.729166666664,"NA"
18_19,2265B,3DD.00776F7B8D,11W,113,14.4,fish,LLRTP,"NA",batch_1,43404.333483796298,43404.697916666664,"NA"
18_19,2270B,3DD.00776F99A9,11W,111,14.5,fish,LLRTP,"NA",batch_1,43395.654050925928,43404.697916666664,"NA"
18_19,2275B,3DD.00776FD341,11W,117,16.8,fish,LLRTP,"NA",batch_1,43395.661215277774,43396.75,"NA"
18_19,2280B,3DD.00776FCA1C,11W,112,14.5,fish,LLRTP,"NA",batch_1,43404.33315972222,43404.697916666664,"NA"
18_19,2285B,3DD.0077703DBF,11W,114,13.7,fish,LLRTP,"NA",batch_1,43404.334386574075,43404.697916666664,"NA"
18_19,2290B,3DD.00776F3FB2,11W,108,12.8,fish,LLRTP,"NA",batch_1,43395.652546296296,43401.708333333336,"NA"
18_19,2295B,3DD.00776F7D87,11W,112,14.6,fish,LLRTP,"NA",batch_1,43404.336678240739,43404.697916666664,"NA"
18_19,2300B,3DD.00776F624F,11W,130,17.5,fish,LLRTP,"NA",batch_1,43395.654409722221,43403.729166666664,"NA"
18_19,2305B,3DD.00776F2590,11W,114,14.9,fish,LLRTP,"NA",batch_1,43395.648842592593,43401.708333333336,"NA"
18_19,2310B,3DD.00776F6D9F,11W,113,14.7,fish,PAHTRP,"NA",batch_1,43395.651041666664,43402.697916666664,"NA"
18_19,2315B,"NA","NA","NA","NA",test,"NA","NA",batch_1,43394.642638888887,"NA","NA"
18_19,2320B,3DD.00776EB5FE,11W,120,16.399999999999999,fish,LLRTP,"NA",batch_2,43395.24795138889,43403.729166666664,"NA"
18_19,2325B,3DD.007770992F,11W,115,13.9,fish,LLRTP,"NA",batch_2,43395.236087962963,43401.708333333336,"NA"
18_19,2330B,3DD.0077703E2F,11W,120,17.5,fish,LLRTP,"NA",batch_2,43395.248136574075,43403.729166666664,"NA"
18_19,2335B,3DD.00776FA47A,11W,127,19.5,fish,LLRTP,"NA",batch_2,43395.240011574075,43396.75,"NA"
18_19,2340B,3DD.0077709CC4,11W,108,11.9,fish,LLRTP,"NA",batch_2,43395.248773148145,43404.697916666664,"NA"
18_19,2345B,3DD.00776EC106,11W,109,13.5,fish,LLRTP,"NA",batch_2,43395.251377314817,43403.729166666664,"NA"
18_19,2350B,3DD.0077708EC3,11W,112,15.5,fish,LLRTP,"NA",batch_2,43395.240324074075,43396.75,"NA"
18_19,2355B,3DD.00776EB419,11W,117,15.9,fish,LLRTP,"NA",batch_2,43395.246608796297,43404.697916666664,"NA"
18_19,2360B,3DD.00776F90B1,11W,118,15.7,fish,LLRTP,"NA",batch_2,43395.238194444442,43403.729166666664,"NA"
18_19,2365B,3DD.00776F68AE,11W,117,17.3,fish,LLRTP,"NA",batch_2,43395.235555555555,43403.729166666664,"NA"
18_19,2370B,"NA","NA","NA","NA",test,"NA","NA",batch_2,43394.63858796296,"NA","NA"
18_19,2375B,3DD.0077701520,11W,119,17.8,fish,LLRTP,"NA",batch_3,43394.663171296299,43395.75,"NA"
18_19,2380B,3DD.00776F618B,11W,124,22.5,fish,LLRTP,"NA",batch_3,43394.662847222222,43395.75,"NA"
18_19,2385B,3DD.00776F3933,11W,114,14.8,fish,LLRTP,"NA",batch_3,43394.666261574072,43395.75,"NA"
18_19,2390B,3DD.00776ECBA7,11W,116,17.100000000000001,fish,LLRTP,"NA",batch_3,43394.682673611111,43395.75,"NA"
18_19,2395B,3DD.00776F05B9,11W,108,12.9,fish,LLRTP,"NA",batch_3,43394.667129629626,43395.75,"NA"
18_19,2400B,"NA","NA","NA","NA",test,"NA","NA",batch_3,43394.649791666663,"NA","NA"
18_19,2405B,3DD.00776F759D,11W,109,14.6,fish,LLRTP,"NA",batch_3,43394.678807870368,43395.75,"NA"
18_19,2410B,3DD.0077700960,11W,124,17.100000000000001,fish,LLRTP,"NA",batch_3,43394.679814814815,43395.75,"NA"
18_19,2415B,3DD.007770D0C0,11W,117,16.399999999999999,fish,LLRTP,"NA",batch_3,43394.67454861111,43395.75,"NA"
18_19,2420B,3DD.007770225A,11W,106,12.7,fish,LLRTP,"NA",batch_3,43394.663715277777,43395.75,"NA"
18_19,3240B,3DD.00776FBD2D,11W,107,15,fish,LLRTP,"NA",batch_1,43404.333692129629,43404.697916666664,"NA"
18_19,3245B,3DD.00776ECCC7,11W,114,15.3,fish,LLRTP,"NA",batch_1,43395.660497685189,43397.75,"NA"
18_19,3250B,3DD.00776F489B,11W,115,16,fish,LLRTP,"NA",batch_1,43395.65520833333,43404.697916666664,"NA"
18_19,3255B,3DD.00776EFC09,11W,118,17.600000000000001,fish,LLRTP,"NA",batch_1,43395.66207175926,43397.75,"NA"
18_19,3260B,3DD.007770337F,11W,127,18.7,fish,LLRTP,"NA",batch_1,43404.339745370373,43404.697916666664,"NA"
18_19,3265B,3DD.00776F5DD0,11W,112,14.8,fish,LLRTP,"NA",batch_1,43395.662233796298,43396.75,"NA"
18_19,3270B,3DD.00776F540F,11W,112,15.2,fish,LLRTP,"NA",batch_1,43395.657893518517,43403.708333333336,"NA"
18_19,3275B,3DD.007770544D,11W,114,14.8,fish,LLRTP,"NA",batch_1,43404.334861111114,43404.697916666664,"NA"
18_19,3280B,3DD.00776F4062,11W,125,21.2,fish,PAHTRP,"NA",batch_1,43395.655046296299,43402.697916666664,"NA"
18_19,3285B,3DD.0077BBE672,11W,109,14,fish,LLRTP,"NA",batch_1,43395.658888888887,43404.697916666664,"NA"
18_19,3290B,3DD.00776ED360,11W,109,13.1,fish,LLRTP,"NA",batch_1,43395.65388888889,43404.697916666664,"NA"
18_19,3295B,3DD.00776F8C1F,11W,118,18.100000000000001,fish,PAHTRP,"NA",batch_1,43395.65053240741,43402.697916666664,"NA"
18_19,3300B,3DD.00776FE0D8,11W,127,21,fish,LLRTP,"NA",batch_1,43395.663946759261,43396.75,"NA"
18_19,3305B,3DD.0077B0A242,11W,117,18.399999999999999,fish,LLRTP,"NA",batch_1,43404.460092592592,43404.697916666664,"NA"
18_19,3310B,3DD.0077B08679,11W,128,23,fish,LLRTP,"NA",batch_1,43404.459814814814,43404.697916666664,"NA"
18_19,3315B,"NA","NA","NA","NA",test,"NA","NA",batch_1,43394.64943287037,"NA","NA"
18_19,3320B,3DD.00776E996D,11W,108,13.2,fish,LLRTP,"NA",batch_2,43395.237708333334,43404.697916666664,"NA"
18_19,3325B,3DD.00776EC14F,11W,113,15,fish,LLRTP,"NA",batch_2,43395.252685185187,43397.75,"NA"
18_19,3330B,3DD.00776F967B,11W,111,13.7,fish,LLRTP,"NA",batch_2,43395.243888888886,43403.729166666664,"NA"
18_19,3335B,3DD.00776F7C05,11W,116,16.3,fish,LLRTP,"NA",batch_2,43395.237222222226,43396.75,"NA"
18_19,3340B,"NA","NA","NA","NA",test,"NA","NA",batch_2,43394.650011574071,"NA","NA"
18_19,3345B,3DD.00776EC5C7,11W,120,17.399999999999999,fish,LLRTP,"NA",batch_2,43395.23704861111,43403.729166666664,"NA"
18_19,3350B,3DD.00776FECD3,11W,138,25.3,fish,LLRTP,"NA",batch_2,43395.237511574072,43401.708333333336,"NA"
18_19,3355B,3DD.00776F3A5B,11W,117,15.4,fish,LLRTP,"NA",batch_2,43395.247395833336,43401.708333333336,"NA"
18_19,3360B,3DD.00776EEDB4,11W,111,13.6,fish,LLRTP,"NA",batch_2,43395.243483796294,43403.729166666664,"NA"
18_19,3365B,3DD.0077700991,11W,116,14.8,fish,LLRTP,"NA",batch_2,43395.240162037036,43396.75,"NA"
18_19,3370B,3DD.00777032D6,11W,113,13.4,fish,LLRTP,"NA",batch_2,43395.250601851854,43404.697916666664,"NA"
18_19,3375B,3DD.00776F3A01,11W,113,15.5,fish,LLRTP,"NA",batch_3,43394.681898148148,43395.75,"NA"
18_19,3380B,3DD.007770647F,11W,109,13.7,fish,LLRTP,"NA",batch_3,43394.669328703705,43395.75,"NA"
18_19,3385B,3DD.00776FA491,11W,122,19,fish,LLRTP,"NA",batch_3,43394.661828703705,43395.75,"NA"
18_19,3390B,3DD.00776F6208,11W,125,22.3,fish,LLRTP,"NA",batch_3,43394.680810185186,43395.75,"NA"
18_19,3395B,3DD.00776FF8F7,11W,116,17.899999999999999,fish,LLRTP,"NA",batch_3,43394.665833333333,43395.75,"NA"
18_19,3400B,3DD.00776FEE26,11W,113,15.5,fish,LLRTP,"NA",batch_3,43394.667754629627,43395.75,"NA"
18_19,3405B,3DD.0077708EF5,11W,114,14.7,fish,LLRTP,"NA",batch_3,43394.677881944444,43395.75,"NA"
18_19,3410B,"NA","NA","NA","NA",test,"NA","NA",batch_3,43394.640729166669,"NA","NA"
18_19,3415B,3DD.00776ECE26,11W,110,14.2,fish,LLRTP,"NA",batch_3,43394.678449074076,43395.75,"NA"
18_19,3420B,3DD.0077706C61,11W,116,18.8,fish,LLRTP,"NA",batch_3,43394.66605324074,43395.75,"NA"
18_19,4240B,"NA","NA","NA","NA",test,"NA","NA",batch_1,43394.639791666668,"NA","NA"
18_19,4245B,3DD.00776F2AAC,11W,116,15.3,fish,LLRTP,"NA",batch_1,43395.649976851855,43403.729166666664,"NA"
18_19,4250B,3DD.00776FDEAF,11W,114,13.8,fish,LLRTP,"NA",batch_1,43395.649016203701,43401.708333333336,"NA"
18_19,4255B,3DD.00776E862D,11W,108,13.6,fish,LLRTP,"NA",batch_1,43395.659039351849,43403.729166666664,"NA"
18_19,4255T,"NA","NA","NA","NA",test,"NA","NA",batch_1,43382.46875,"NA","NA"
18_19,4260B,3DD.00776EB2A0,11W,111,13.6,fish,LLRTP,"NA",batch_1,43404.340208333335,43404.697916666664,"NA"
18_19,4260T,"NA","NA","NA","NA",test,"NA","NA",batch_1,43382.46875,"NA","NA"
18_19,4265B,3DD.00776F5755,11W,117,17.899999999999999,fish,LLRTP,"NA",batch_1,43404.338252314818,43404.697916666664,"NA"
18_19,4265T,"NA","NA","NA","NA",test,"NA","NA",batch_1,43382.46875,"NA","NA"
18_19,4270B,3DD.00776F58C8,11W,116,13.2,fish,LLRTP,"NA",batch_1,43395.652175925927,43401.708333333336,"NA"
18_19,4270T,"NA","NA","NA","NA",test,"NA","NA",batch_1,43382.46875,"NA","NA"
18_19,4275B,3DD.007770DBDD,11W,120,17.399999999999999,fish,LLRTP,"NA",batch_1,43404.332442129627,43404.697916666664,"NA"
18_19,4275T,"NA","NA","NA","NA",test,"NA","NA",batch_1,43382.46875,"NA","NA"
18_19,4280B,3DD.00776F2EF2,11W,108,12.3,fish,LLRTP,"NA",batch_1,43404.331087962964,43404.697916666664,"NA"
18_19,4280T,"NA","NA","NA","NA",test,"NA","NA",batch_1,43382.46875,"NA","NA"
18_19,4285B,3DD.00776F7A87,11W,110,12.9,fish,LLRTP,"NA",batch_1,43395.648657407408,43401.708333333336,"NA"
18_19,4285T,"NA","NA","NA","NA",test,"NA","NA",batch_1,43382.46875,"NA",Lost on bank at North Fork site within detection range
18_19,4290B,3DD.00776EA173,11W,116,16.600000000000001,fish,LLRTP,"NA",batch_1,43395.662546296298,43396.75,"NA"
18_19,4290T,"NA","NA","NA","NA",test,"NA","NA",batch_1,43382.46875,"NA","NA"
18_19,4295B,3DD.007770A6A7,11W,116,12.7,fish,LLRTP,"NA",batch_1,43395.652002314811,43403.708333333336,"NA"
18_19,4295T,"NA","NA","NA","NA",test,"NA","NA",batch_1,43382.46875,"NA","NA"
18_19,4300B,3DD.007770DCC2,11W,111,14.4,fish,LLRTP,"NA",batch_1,43395.648449074077,43401.708333333336,"NA"
18_19,4300T,"NA","NA","NA","NA",test,"NA","NA",batch_1,43382.46875,"NA","NA"
18_19,4305B,3DD.00776FBD2F,11W,117,16.2,fish,LLRTP,"NA",batch_1,43404.3358912037,43404.697916666664,"NA"
18_19,4310B,3DD.00776EB311,11W,123,19.7,fish,LLRTP,"NA",batch_1,43404.339039351849,43404.697916666664,"NA"
18_19,4315B,3DD.00776F9E6D,11W,109,13.2,fish,LLRTP,"NA",batch_1,43395.660034722219,43396.75,"NA"
18_19,4320B,"NA","NA","NA","NA",test,"NA","NA",batch_2,43394.654351851852,"NA","NA"
18_19,4325B,3DD.00776F38C9,11W,115,17.7,fish,LLRTP,"NA",batch_2,43395.245000000003,43403.729166666664,"NA"
18_19,4330B,3DD.00776F2F08,11W,115,15,fish,LLRTP,"NA",batch_2,43395.248425925929,43403.729166666664,"NA"
18_19,4335B,3DD.007770F6F9,11W,118,19.600000000000001,fish,LLRTP,"NA",batch_2,43395.242650462962,43396.75,"NA"
18_19,4340B,3DD.00776EB387,11W,111,13.7,fish,LLRTP,"NA",batch_2,43395.242835648147,43396.75,"NA"
18_19,4345B,3DD.00776F2F43,11W,123,18.7,fish,LLRTP,"NA",batch_2,43395.241979166669,43396.75,"NA"
18_19,4350B,3DD.00776F61C9,11W,119,17.899999999999999,fish,LLRTP,"NA",batch_2,43395.252025462964,43397.75,"NA"
18_19,4355B,3DD.00776F6883,11W,110,13.2,fish,LLRTP,"NA",batch_2,43395.251701388886,43397.75,"NA"
18_19,4360B,3DD.0077702255,11W,113,15,fish,LLRTP,"NA",batch_2,43395.243321759262,43404.697916666664,"NA"
18_19,4365B,3DD.00776FCA82,11W,115,15.7,fish,LLRTP,"NA",batch_2,43395.253078703703,43401.708333333336,"NA"
18_19,4370B,3DD.00776FECC4,11W,110,13.5,fish,LLRTP,"NA",batch_3,43394.660439814812,43395.75,"NA"
18_19,4375B,3DD.00776EDABF,11W,113,15.2,fish,LLRTP,"NA",batch_3,43394.669733796298,43395.75,"NA"
18_19,4380B,3DD.007770D5AD,11W,127,25.7,fish,LLRTP,"NA",batch_3,43394.66646990741,43395.75,"NA"
18_19,4385B,3DD.00776EC0D4,11W,112,15.2,fish,LLRTP,"NA",batch_3,43394.673020833332,43395.75,"NA"
18_19,4390B,3DD.00776F85E2,11W,112,14.7,fish,LLRTP,"NA",batch_3,43394.682824074072,43395.75,"NA"
18_19,4395B,3DD.007770321B,11W,116,16.600000000000001,fish,LLRTP,"NA",batch_3,43394.678090277775,43395.75,"NA"
18_19,4400B,"NA","NA","NA","NA",test,"NA","NA",batch_3,43394.651539351849,"NA","NA"
18_19,4405B,3DD.00776EEA38,11W,110,15.1,fish,LLRTP,"NA",batch_3,43394.679965277777,43395.75,"NA"
18_19,4410B,3DD.00776F976D,11W,117,17,fish,LLRTP,"NA",batch_3,43394.640729166669,43395.75,"NA"
18_19,4415B,3DD.00776EBEDE,11W,118,18.600000000000001,fish,LLRTP,"NA",batch_3,43394.682372685187,43395.75,"NA"
18_19,4420B,3DD.007770DD74,11W,115,14.4,fish,LLRTP,"NA",batch_3,43394.670208333337,43395.75,"NA"
18_19,5240B,3DD.00776E823B,11W,122,20.2,fish,LLRTP,"NA",batch_1,43404.337129629632,43404.697916666664,"NA"
18_19,5245B,3DD.0077707E3B,11W,120,17,fish,LLRTP,"NA",batch_1,43395.657256944447,43403.708333333336,"NA"
18_19,5250B,3DD.00776E8F28,11W,114,15.6,fish,PAHTRP,"NA",batch_1,43395.650370370371,43402.697916666664,"NA"
18_19,5255B,3DD.0077BB9964,11W,127,20,fish,LLRTP,"NA",batch_1,43404.343240740738,43404.697916666664,"NA"
18_19,5260B,3DD.00776FBC8A,11W,108,12.4,fish,LLRTP,"NA",batch_1,43395.659212962964,43403.708333333336,"NA"
18_19,5265B,3DD.00776FCA92,11W,115,15.3,fish,LLRTP,"NA",batch_1,43395.660185185188,43396.75,"NA"
18_19,5270B,3DD.00776E86EC,11W,115,14.6,fish,LLRTP,"NA",batch_1,43395.658553240741,43396.75,"NA"
18_19,5275B,3DD.00776F8827,11W,126,18.2,fish,LLRTP,"NA",batch_1,43404.334629629629,43404.697916666664,"NA"
18_19,5280B,3DD.0077706888,11W,109,14.1,fish,LLRTP,"NA",batch_1,43404.336909722224,43404.697916666664,"NA"
18_19,5285B,3DD.00776F4BE5,11W,118,16.2,fish,LLRTP,"NA",batch_1,43395.657407407409,43404.697916666664,"NA"
18_19,5290B,3DD.0077700951,11W,116,13.8,fish,LLRTP,"NA",batch_1,43395.649699074071,43401.708333333336,"NA"
18_19,5295B,3DD.00776F26A9,11W,112,14.7,fish,LLRTP,"NA",batch_1,43395.66269675926,43396.75,"NA"
18_19,5300B,3DD.00776F539E,11W,113,13.5,fish,LLRTP,"NA",batch_1,43395.662395833337,43396.75,"NA"
18_19,5300B,"NA","NA","NA","NA",test,"NA","NA",batch_1,43394.645254629628,"NA",Missing from test jar in basement
18_19,5305B,3DD.00776F88E3,11W,118,16.5,fish,LLRTP,"NA",batch_1,43395.663310185184,43397.75,"NA"
18_19,5310B,3DD.007770C5AA,11W,118,15.9,fish,LLRTP,"NA",batch_1,43395.663773148146,43403.708333333336,"NA"
18_19,5315B,3DD.00776E99F0,11W,130,22.7,fish,LLRTP,"NA",batch_1,43404.336458333331,43404.697916666664,"NA"
18_19,5320B,"NA","NA","NA","NA",test,"NA","NA",batch_2,43394.639131944445,"NA","NA"
18_19,5325B,3DD.00776FA3AB,11W,119,17.899999999999999,fish,LLRTP,"NA",batch_2,43395.24417824074,43403.729166666664,"NA"
18_19,5330B,3DD.00776F4C06,11W,112,14.5,fish,LLRTP,"NA",batch_2,43395.239004629628,43403.729166666664,"NA"
18_19,5335B,3DD.00776F0458,11W,113,13.7,fish,LLRTP,"NA",batch_2,43395.245717592596,43404.697916666664,"NA"
18_19,5345B,3DD.007770B220,11W,108,13.1,fish,LLRTP,"NA",batch_2,43395.246087962965,43403.729166666664,"NA"
18_19,5350B,3DD.00776F62A0,11W,110,17.2,fish,LLRTP,"NA",batch_2,43395.246990740743,43404.697916666664,"NA"
18_19,5355B,3DD.00776F2DA6,11W,110,13.5,fish,LLRTP,"NA",batch_2,43395.24894675926,43404.697916666664,"NA"
18_19,5360B,"NA","NA","NA","NA",test,"NA","NA",batch_2,43394.650219907409,"NA","NA"
18_19,5365B,3DD.0077709A90,11W,118,17.2,fish,LLRTP,"NA",batch_2,43395.24590277778,43404.697916666664,"NA"
18_19,5370B,3DD.007770C1C9,11W,121,17.7,fish,LLRTP,"NA",batch_3,43394.664884259262,43395.75,"NA"
18_19,5375B,3DD.00777015EE,11W,124,20.6,fish,LLRTP,"NA",batch_3,43394.67695601852,43395.75,"NA"
18_19,5380B,3DD.007770F7B1,11W,115,17.7,fish,LLRTP,"NA",batch_3,43394.672291666669,43395.75,"NA"
18_19,5385B,3DD.007770C291,11W,110,12.2,fish,LLRTP,"NA",batch_3,43394.674861111111,43404.697916666664,"NA"
18_19,5390B,3DD.00776FA6AF,11W,119,19.3,fish,LLRTP,"NA",batch_3,43394.664525462962,43395.75,"NA"
18_19,5395B,3DD.00776F51A8,11W,109,13.9,fish,LLRTP,"NA",batch_3,43394.658634259256,43395.75,"NA"
18_19,5400B,"NA","NA","NA","NA",test,"NA","NA",batch_3,43394.637604166666,"NA","NA"
18_19,5405B,3DD.00776FA478,11W,110,15.1,fish,LLRTP,"NA",batch_3,43394.654872685183,43395.75,Duplicate Tag. Missing tag 5340B. Made one of tags a test tag
18_19,5405B,"NA","NA","NA","NA",test,"NA","NA",batch_3,43394.655555555553,"NA",Duplicate Tag. Missing tag 5340B. Made one of tags a test tag
18_19,5410B,3DD.00776EB350,11W,112,13.4,fish,LLRTP,"NA",batch_3,43394.664189814815,43404.697916666664,"NA"
18_19,5415B,3DD.00776F5CBE,11W,117,15.4,fish,LLRTP,"NA",batch_3,43394.670520833337,43395.75,"NA"
18_19,5420B,3DD.007770A3FF,11W,110,14.6,fish,LLRTP,"NA",batch_3,43394.670208333337,43395.75,"NA"
18_19,6240B,3DD.00776FA387,11W,126,20.9,fish,LLRTP,"NA",batch_1,43404.339502314811,43404.697916666664,"NA"
18_19,6245B,3DD.00776F606F,11W,115,14.2,fish,LLRTP,"NA",batch_1,43395.654687499999,43404.697916666664,"NA"
18_19,6250B,3DD.00776EB256,11W,113,14.9,fish,LLRTP,"NA",batch_1,43395.656134259261,43403.708333333336,"NA"
18_19,6255B,3DD.00776F62CE,11W,113,14.8,fish,LLRTP,"NA",batch_1,43404.331435185188,43404.697916666664,"NA"
18_19,6260B,3DD.00776F8A4E,11W,107,13.8,fish,LLRTP,"NA",batch_1,43404.337789351855,43404.697916666664,"NA"
18_19,6265B,"NA","NA","NA","NA",test,"NA","NA",batch_1,43394.644386574073,"NA","NA"
18_19,6270B,"NA","NA","NA","NA",test,"NA","NA",batch_1,43394.653414351851,"NA",Lost to river during read range testing
18_19,6275B,3DD.0077AFE17B,11W,109,14.2,fish,LLRTP,"NA",batch_1,43404.34302083333,43404.697916666664,"NA"
18_19,6280B,3DD.00776EEBCB,11W,122,19.8,fish,LLRTP,"NA",batch_1,43395.649537037039,43397.75,"NA"
18_19,6285B,3DD.00776F2EE9,11W,117,17.5,fish,PAHTRP,"NA",batch_1,43395.653680555559,43402.697916666664,"NA"
18_19,6290B,3DD.00776EE53A,11W,112,14.4,fish,LLRTP,"NA",batch_1,43395.657719907409,43404.697916666664,"NA"
18_19,6295B,3DD.00776FFA6C,11W,115,16.399999999999999,fish,LLRTP,"NA",batch_1,43404.331666666665,43404.697916666664,"NA"
18_19,6300B,3DD.007770F658,11W,122,20.399999999999999,fish,LLRTP,"NA",batch_1,43395.664247685185,43404.697916666664,"NA"
18_19,6305B,3DD.0077703095,11W,111,15.3,fish,LLRTP,"NA",batch_1,43395.658217592594,43403.729166666664,"NA"
18_19,6310B,3DD.0077709815,11W,118,15.7,fish,LLRTP,"NA",batch_1,43404.330625000002,43404.697916666664,"NA"
18_19,6315B,3DD.00776F3BAD,11W,114,14.7,fish,LLRTP,"NA",batch_1,43395.654872685183,43404.697916666664,"NA"
18_19,6320B,3DD.00776EEBB1,11W,116,15.2,fish,LLRTP,"NA",batch_2,43395.244537037041,43404.697916666664,"NA"
18_19,6325B,3DD.00776F0E64,11W,112,12.9,fish,LLRTP,"NA",batch_2,43395.249606481484,43404.697916666664,"NA"
18_19,6330B,3DD.00776E8651,11W,116,11.9,fish,LLRTP,"NA",batch_2,43395.239386574074,43403.729166666664,"NA"
18_19,6335B,"NA","NA","NA","NA",test,"NA","NA",batch_2,43394.639525462961,"NA","NA"
18_19,6340B,3DD.00776E9AC4,11W,125,21.6,fish,LLRTP,"NA",batch_2,43395.251215277778,43403.729166666664,"NA"
18_19,6345B,3DD.00776F976C,11W,116,13.5,fish,LLRTP,"NA",batch_2,43395.234351851854,43401.708333333336,"NA"
18_19,6350B,3DD.00776FEED4,11W,119,16.3,fish,LLRTP,"NA",batch_2,43395.235879629632,43403.729166666664,"NA"
18_19,6355B,3DD.00777008A5,11W,114,13.2,fish,LLRTP,"NA",batch_2,43395.250254629631,43404.697916666664,"NA"
18_19,6360B,3DD.00776F89AB,11W,112,13.5,fish,LLRTP,"NA",batch_2,43395.234166666669,43401.708333333336,"NA"
18_19,6365B,3DD.00776F994D,11W,109,12.9,fish,LLRTP,"NA",batch_2,43395.250416666669,43404.697916666664,"NA"
18_19,6370B,3DD.0077713934,11W,112,15.1,fish,LLRTP,"NA",batch_3,43394.668877314813,43395.75,"NA"
18_19,6375B,3DD.0077715711,11W,120,17.399999999999999,fish,LLRTP,"NA",batch_3,43394.667546296296,43395.75,"NA"
18_19,6380B,3DD.00776F00AA,11W,107,12.5,fish,LLRTP,"NA",batch_3,43394.662164351852,43395.75,"NA"
18_19,6385B,3DD.00776F6186,11W,119,19.100000000000001,fish,LLRTP,"NA",batch_3,43394.677418981482,43395.75,"NA"
18_19,6390B,3DD.00776EBFEC,11W,117,15.6,fish,LLRTP,"NA",batch_3,43394.681168981479,43404.697916666664,"NA"
18_19,6395B,3DD.0077707081,11W,114,15.6,fish,LLRTP,"NA",batch_3,43394.68136574074,43395.75,"NA"
18_19,6400B,3DD.0077BB97CF,11W,114,15.5,fish,LLRTP,"NA",batch_3,43394.668055555558,43404.697916666664,"NA"
18_19,6405B,3DD.00776F9DA5,11W,110,14.6,fish,LLRTP,"NA",batch_3,43394.667337962965,43395.75,"NA"
18_19,6410B,3DD.00776FC98D,11W,104,14.4,fish,LLRTP,"NA",batch_3,43394.671331018515,43395.75,"NA"
18_19,6415B,3DD.00776E8E48,11W,117,17,fish,LLRTP,"NA",batch_3,43394.66951388889,43395.75,"NA"
18_19,6420B,"NA","NA","NA","NA",test,"NA","NA",batch_3,43394.641400462962,"NA","NA"
18_19,7240B,3DD.00776EA177,11W,115,16.5,fish,LLRTP,"NA",batch_1,43395.651666666665,43403.729166666664,"NA"
18_19,7245B,3DD.00776F28C9,11W,114,15.6,fish,LLRTP,"NA",batch_1,43395.656898148147,43403.729166666664,"NA"
18_19,7250B,3DD.00776EEA8C,11W,124,16.2,fish,LLRTP,"NA",batch_1,43395.66170138889,43396.75,"NA"
18_19,7255B,3DD.00776F0E50,11W,114,14,fish,LLRTP,"NA",batch_1,43404.334143518521,43404.697916666664,"NA"
18_19,7260B,3DD.00776EA0E5,11W,112,14.4,fish,LLRTP,"NA",batch_1,43395.665289351855,43404.697916666664,"NA"
18_19,7265B,3DD.0077BBFF6D,11W,111,12.8,fish,LLRTP,"NA",batch_1,43404.342372685183,43404.697916666664,"NA"
18_19,7270B,3DD.0077BBDB0B,11W,118,18,fish,LLRTP,"NA",batch_1,43404.460231481484,43404.697916666664,"NA"
18_19,7275B,3DD.00777009B8,11W,108,10.8,fish,LLRTP,"NA",batch_1,43404.337384259263,43404.697916666664,"NA"
18_19,7280B,3DD.0077B009CF,11W,109,14.3,fish,LLRTP,"NA",batch_1,43404.343692129631,43404.697916666664,"NA"
18_19,7285B,"NA","NA","NA","NA",test,"NA","NA",batch_1,43394.643807870372,"NA","NA"
18_19,7290B,3DD.00776F6F6D,11W,163,43,fish,LLRTP,"NA",batch_1,43395.65283564815,43401.708333333336,"NA"
18_19,7295B,3DD.00776F3B51,11W,130,18.8,fish,LLRTP,"NA",batch_1,43395.665578703702,43403.729166666664,"NA"
18_19,7300B,3DD.00776E988C,11W,118,16.2,fish,LLRTP,"NA",batch_1,43395.658055555556,43403.708333333336,"NA"
18_19,7305B,3DD.007770F7CF,11W,117,16.100000000000001,fish,LLRTP,"NA",batch_1,43395.656689814816,43403.729166666664,"NA"
18_19,7310B,3DD.00776FA453,11W,120,18.2,fish,PAHTRP,"NA",batch_1,43395.650706018518,43402.697916666664,"NA"
18_19,7315B,3DD.00776EEFDB,11W,127,19.899999999999999,fish,LLRTP,"NA",batch_1,43395.649363425924,43401.708333333336,"NA"
18_19,7320B,3DD.00776EEDA4,11W,111,14.6,fish,LLRTP,"NA",batch_2,43395.242476851854,43396.75,"NA"
18_19,7325B,3DD.007770CD82,11W,119,18.399999999999999,fish,LLRTP,"NA",batch_2,43395.252199074072,43397.75,"NA"
18_19,7330B,3DD.00776E8F90,11W,119,16,fish,LLRTP,"NA",batch_2,43395.236516203702,43401.708333333336,"NA"
18_19,7335B,3DD.00776F7B9D,11W,113,13.4,fish,LLRTP,"NA",batch_2,43395.234675925924,43396.75,"NA"
18_19,7340B,3DD.007770549F,11W,132,24.9,fish,LLRTP,"NA",batch_2,43395.250775462962,43404.697916666664,"NA"
18_19,7345B,3DD.00775DA7F7,11W,115,15.4,fish,LLRTP,"NA",batch_2,43395.249768518515,43404.697916666664,"NA"
18_19,7350B,3DD.0077705464,11W,111,13.2,fish,LLRTP,"NA",batch_2,43395.250937500001,43404.697916666664,"NA"
18_19,7355B,3DD.00776F6E9A,11W,110,13.5,fish,LLRTP,"NA",batch_2,43395.247569444444,43403.729166666664,"NA"
18_19,7360B,"NA","NA","NA","NA",test,"NA","NA",batch_2,43394.648043981484,"NA","NA"
18_19,7365B,3DD.00776FCA32,11W,112,15.4,fish,LLRTP,"NA",batch_2,43395.252511574072,43403.729166666664,"NA"
18_19,7370B,3DD.00776F026C,11W,114,15.5,fish,LLRTP,"NA",batch_3,43394.660775462966,43395.75,"NA"
18_19,7375B,3DD.007770B288,11W,113,14.6,fish,LLRTP,"NA",batch_3,43394.680983796294,43395.75,"NA"
18_19,7380B,3DD.00776F7BC1,11W,120,16.100000000000001,fish,LLRTP,"NA",batch_3,43394.668263888889,43395.75,"NA"
18_19,7385B,"NA","NA","NA","NA",test,"NA","NA",batch_3,43394.653969907406,"NA","NA"
18_19,7390B,3DD.00776FAFC2,11W,117,16,fish,LLRTP,"NA",batch_3,43394.680138888885,43395.75,"NA"
18_19,7395B,3DD.00776F94DE,11W,110,14.9,fish,LLRTP,"NA",batch_3,43394.679166666669,43395.75,"NA"
18_19,7400B,3DD.00776F997E,11W,108,13,fish,LLRTP,"NA",batch_3,43394.66097222222,43395.75,"NA"
18_19,7405B,3DD.00776FB011,11W,110,13.1,fish,LLRTP,"NA",batch_3,43394.676226851851,43404.697916666664,"NA"
18_19,7410B,3DD.0077703DB8,11W,114,12.8,fish,LLRTP,"NA",batch_3,43394.680289351854,43404.697916666664,"NA"
18_19,7415B,3DD.00776F911D,11W,112,15.6,fish,LLRTP,"NA",batch_3,43394.658206018517,43395.75,"NA"
18_19,8240B,3DD.00776F9972,11W,107,13.2,fish,PAHTRP,"NA",batch_1,43395.654236111113,43402.697916666664,"NA"
18_19,8245B,3DD.00776FEBCD,11W,131,23.6,fish,LLRTP,"NA",batch_1,43395.665138888886,43396.75,"NA"
18_19,8250B,3DD.00776F7BB6,11W,111,13.9,fish,LLRTP,"NA",batch_1,43395.664398148147,43404.697916666664,"NA"
18_19,8255B,"NA","NA","NA","NA",test,"NA","NA",batch_1,43394.645798611113,"NA","NA"
18_19,8260B,3DD.00776F5B38,11W,116,16.100000000000001,fish,LLRTP,"NA",batch_1,43395.658726851849,43403.729166666664,"NA"
18_19,8265B,3DD.00776F5489,11W,117,14.3,fish,LLRTP,"NA",batch_1,43395.661539351851,43396.75,"NA"
18_19,8270B,3DD.00776F417D,11W,120,17.600000000000001,fish,LLRTP,"NA",batch_1,43404.33388888889,43404.697916666664,"NA"
18_19,8280B,3DD.0077BBA4BB,11W,107,13.2,fish,LLRTP,"NA",batch_1,43404.343472222223,43404.697916666664,"NA"
18_19,8285B,3DD.00776F6C77,11W,125,20.6,fish,LLRTP,"NA",batch_1,43395.66300925926,43397.75,"NA"
18_19,8290B,3DD.00777065B4,11W,112,11.8,fish,LLRTP,"NA",batch_1,43395.665439814817,43404.697916666664,"NA"
18_19,8295B,3DD.0077B01C9C,11W,116,16.2,fish,LLRTP,"NA",batch_1,"NA",43404.697916666664,"NA"
18_19,8300B,3DD.0077702FE0,11W,115,15.2,fish,LLRTP,"NA",batch_1,43404.335300925923,43404.697916666664,"NA"
18_19,8305B,3DD.0077BC001C,11W,108,13.8,fish,LLRTP,"NA",batch_1,"NA",43404.697916666664,"NA"
18_19,8310B,3DD.00776F8BC1,11W,110,13.7,fish,LLRTP,"NA",batch_1,43404.336226851854,43404.697916666664,"NA"
18_19,8315B,3DD.00776FE0A3,11W,107,12.1,fish,LLRTP,"NA",batch_1,43395.6562962963,43404.697916666664,"NA"
18_19,8320B,3DD.0077706CB6,11W,122,18.399999999999999,fish,LLRTP,"NA",batch_2,43395.243680555555,43403.729166666664,"NA"
18_19,8325B,3DD.0077706A90,11W,109,12.6,fish,LLRTP,"NA",batch_2,43395.235358796293,43403.729166666664,"NA"
18_19,8330B,3DD.00776F5387,11W,114,17.2,fish,LLRTP,"NA",batch_2,43395.249293981484,43397.75,"NA"
18_19,8335B,3DD.00776F5282,11W,113,15,fish,LLRTP,"NA",batch_2,43395.236342592594,43403.729166666664,"NA"
18_19,8340B,"NA","NA","NA","NA",test,"NA","NA",batch_2,43394.652824074074,"NA","NA"
18_19,8345B,3DD.00776E97AB,11W,117,14.4,fish,LLRTP,"NA",batch_2,43395.242291666669,43396.75,"NA"
18_19,8350B,3DD.007770E6F7,11W,122,19.8,fish,LLRTP,"NA",batch_2,43395.244363425925,43404.697916666664,"NA"
18_19,8355B,3DD.00776EA3FC,11W,110,13.8,fish,LLRTP,"NA",batch_2,43395.238379629627,43403.729166666664,"NA"
18_19,8360B,3DD.00777053E9,11W,117,18.399999999999999,fish,LLRTP,"NA",batch_2,43395.251539351855,43397.75,"NA"
18_19,8365B,3DD.00776F97D3,11W,112,13.2,fish,LLRTP,"NA",batch_2,43395.246793981481,43404.697916666664,"NA"
18_19,8370B,3DD.00776EA20D,11W,126,20.6,fish,LLRTP,"NA",batch_3,43394.678263888891,43404.697916666664,"NA"
18_19,8375B,3DD.0077706543,11W,122,21.4,fish,LLRTP,"NA",batch_3,43394.680451388886,43395.75,"NA"
18_19,8380B,3DD.00776F43FD,11W,112,15.4,fish,LLRTP,"NA",batch_3,43394.676574074074,43395.75,"NA"
18_19,8385B,3DD.007770261E,11W,110,14,fish,LLRTP,"NA",batch_3,43394.671979166669,43395.75,"NA"
18_19,8390B,3DD.00776E8DA6,11W,122,19.899999999999999,fish,LLRTP,"NA",batch_3,43394.677708333336,43395.75,"NA"
18_19,8395B,3DD.00776FE0D4,11W,117,17.7,fish,LLRTP,"NA",batch_3,43394.681574074071,43395.75,"NA"
18_19,8400B,"NA","NA","NA","NA",test,"NA","NA",batch_3,43394.646307870367,"NA","NA"
18_19,8405B,3DD.00776EA716,11W,114,16.399999999999999,fish,LLRTP,"NA",batch_3,43394.668576388889,43395.75,"NA"
18_19,8410B,3DD.0077702552,11W,113,15.4,fish,LLRTP,"NA",batch_3,43394.671655092592,43395.75,"NA"
18_19,8415B,3DD.00776FECE6,11W,113,15.9,fish,LLRTP,"NA",batch_3,43394.682060185187,43395.75,"NA"
18_19,9240B,3DD.0077BBCBE2,11W,111,14.1,fish,LLRTP,"NA",batch_1,43404.342175925929,43404.697916666664,"NA"
18_19,9245B,3DD.0077BB7FB6,11W,113,13.7,fish,LLRTP,"NA",batch_1,43404.341840277775,43404.697916666664,"NA"
18_19,9250B,"NA","NA","NA","NA",test,"NA","NA",batch_1,43394.64334490741,"NA","NA"
18_19,9255B,3DD.00776F61E9,11W,110,14.1,fish,LLRTP,"NA",batch_1,43395.657083333332,43403.729166666664,"NA"
18_19,9260B,3DD.00776ECA03,11W,123,19.5,fish,LLRTP,"NA",batch_1,43395.662847222222,43397.75,"NA"
18_19,9265B,3DD.007770E8FA,11W,111,14,fish,LLRTP,"NA",batch_1,43395.663611111115,43403.729166666664,"NA"
18_19,9270B,3DD.00776E9924,11W,124,16.8,fish,LLRTP,"NA",batch_1,43404.337581018517,43404.697916666664,"NA"
18_19,9275B,3DD.0077BBC2CA,11W,115,14.7,fish,LLRTP,"NA",batch_1,43404.342800925922,43404.697916666664,"NA"
18_19,9280B,3DD.007770335C,11W,109,13.1,fish,LLRTP,"NA",batch_1,43404.338020833333,43404.697916666664,"NA"
18_19,9285B,3DD.00776E98B2,11W,115,14,fish,LLRTP,"NA",batch_1,43395.663159722222,43396.75,"NA"
18_19,9290B,3DD.007770255D,11W,108,12.3,fish,LLRTP,"NA",batch_1,43395.664097222223,43403.729166666664,"NA"
18_19,9295B,3DD.00776F3077,11W,120,17.399999999999999,fish,LLRTP,"NA",batch_1,43395.657569444447,43403.708333333336,"NA"
18_19,9300B,3DD.00777030A3,11W,111,13.7,fish,LLRTP,"NA",batch_1,43395.659363425926,43403.729166666664,"NA"
18_19,9305B,3DD.00776E2CFC,11W,111,13.4,fish,LLRTP,"NA",batch_1,43395.65184027778,43403.729166666664,"NA"
18_19,9310B,3DD.00776EBD21,11W,115,17.5,fish,LLRTP,"NA",batch_1,43395.66034722222,43396.75,"NA"
18_19,9315B,3DD.00776F6054,11W,118,16.899999999999999,fish,LLRTP,"NA",batch_1,43395.655624999999,43404.697916666664,"NA"
18_19,9320B,3DD.00776FEDF1,11W,115,15.3,fish,LLRTP,"NA",batch_2,43395.245162037034,43404.697916666664,"NA"
18_19,9325B,3DD.00776F9974,11W,108,12.9,fish,LLRTP,"NA",batch_2,43395.244826388887,43403.729166666664,"NA"
18_19,9330B,3DD.007770065D,11W,118,15.5,fish,LLRTP,"NA",batch_2,43395.24181712963,43396.75,"NA"
18_19,9335B,3DD.00776E9CBF,11W,116,17.100000000000001,fish,LLRTP,"NA",batch_2,43395.241157407407,43396.75,"NA"
18_19,9340B,3DD.00776F87AC,11W,110,13.6,fish,LLRTP,"NA",batch_2,43395.24858796296,43404.697916666664,"NA"
18_19,9345B,3DD.00776FA92F,11W,109,13.3,fish,LLRTP,"NA",batch_2,43395.245324074072,43404.697916666664,"NA"
18_19,9350B,3DD.00776FA904,11W,112,14.4,fish,LLRTP,"NA",batch_2,43395.251863425925,43404.697916666664,"NA"
18_19,9355B,3DD.00776FE09E,11W,111,15.9,fish,LLRTP,"NA",batch_2,43395.247743055559,43404.697916666664,"NA"
18_19,9360B,"NA","NA","NA","NA",test,"NA","NA",batch_2,43394.648680555554,43404.697916666664,"NA"
18_19,9365B,3DD.0077707E56,11W,116,14.6,fish,LLRTP,"NA",batch_2,43395.240856481483,43396.75,"NA"
18_19,9370B,3DD.007770F3B2,11W,117,16.399999999999999,fish,LLRTP,"NA",batch_3,43394.669895833336,43395.75,"NA"
18_19,9375B,3DD.0077703DB4,11W,107,12.4,fish,LLRTP,"NA",batch_3,43394.682222222225,43404.697916666664,"NA"
18_19,9380B,3DD.00776F4DAD,11W,132,19.5,fish,LLRTP,"NA",batch_3,43394.67863425926,43395.75,"NA"
18_19,9385B,3DD.00776F70A7,11W,109,13.4,fish,LLRTP,"NA",batch_3,43394.68173611111,43395.75,"NA"
18_19,9390B,"NA","NA","NA","NA",test,"NA","NA",batch_3,43394.640462962961,"NA","NA"
18_19,9395B,3DD.00776FD50E,11W,114,16.600000000000001,fish,LLRTP,"NA",batch_3,43394.67900462963,43395.75,"NA"
18_19,9400B,"NA","NA","NA","NA",test,"NA","NA",batch_3,43394.652141203704,"NA","NA"
18_19,9405B,3DD.00776F548A,11W,114,15.8,fish,LLRTP,"NA",batch_3,43394.662499999999,43395.75,"NA"
18_19,9410B,3DD.00776F19EF,11W,110,14.7,fish,LLRTP,"NA",batch_3,43394.67564814815,43395.75,"NA"
18_19,9415B,3DD.00776EEA94,11W,114,16.5,fish,LLRTP,"NA",batch_3,43394.679629629631,43395.75,"NA"
19_20,4280C,3DD.00776FA5C7,11W,107,13.6,fish,LLRTP,"NA",batch_1,43759.052083333336,43760.791666666664,NA
19_20,7240C,3DD.00777065A7,11W,126,22.4,fish,LEMTRP,"NA",batch_1,43759.84097222222,43762.8125,NA
19_20,1170C,3DD.00776F4640,11W,111,12.7,fish,LLRTP,"NA",batch_1,43759.84375,43760.791666666664,NA
19_20,1180C,3DD.00776F6235,11W,120,17.8,fish,LLRTP,"NA",batch_1,43759.844444444447,43760.791666666664,NA
19_20,7270C,"NA","NA","NA","NA",test,"NA","NA",batch_1,43759.931944444441,"NA",NA
19_20,9350C,"NA","NA","NA","NA",test,"NA","NA",batch_1,43759.932638888888,"NA",NA
19_20,1420C,3DD.00776ECBD8,11W,114,15.8,fish,LEMTRP,"NA",batch_1,43759.935416666667,43762.8125,This was supposed to be a Batch 2 came on early as Batch 1
19_20,6240C,"NA","NA","NA","NA",test,"NA","NA",batch_1,43759.9375,"NA",NA
19_20,8330C,"NA","NA","NA","NA",test,"NA","NA",batch_1,43759.9375,"NA",NA
19_20,3180C,"NA","NA","NA","NA",test,"NA","NA",batch_1,43759.938888888886,"NA",NA
19_20,8180C,"NA","NA","NA","NA",test,"NA","NA",batch_1,43759.943055555559,"NA",NA
19_20,2280C,"NA","NA","NA","NA",test,"NA","NA",batch_1,43759.944444444445,"NA",NA
19_20,1190C,3DD.00776F6873,11W,108,13.6,fish,LLRTP,"NA",batch_1,43759.948611111111,43760.791666666664,NA
19_20,1200C,3DD.00776F46B2,11W,123,18.8,fish,LLRTP,"NA",batch_1,43759.949305555558,43760.791666666664,NA
19_20,1210C,3DD.00776F8BE1,11W,113,15.8,fish,LLRTP,"NA",batch_1,43759.949305555558,43760.791666666664,NA
19_20,1230C,3DD.00776F8247,11W,107,13,fish,LLRTP,"NA",batch_1,43759.95,43760.791666666664,NA
19_20,1260C,3DD.00776F9B81,11W,114,16.7,fish,LLRTP,"NA",batch_1,43759.95208333333,43760.791666666664,NA
19_20,1270C,3DD.0077706586,11W,122,18.600000000000001,fish,LLRTP,"NA",batch_1,43759.961111111108,43760.791666666664,NA
19_20,1280C,3DD.00776E3A83,11W,107,14.7,fish,LLRTP,"NA",batch_1,43759.961111111108,43760.791666666664,NA
19_20,1290C,3DD.00776F8A12,11W,115,16.7,fish,LLRTP,"NA",batch_1,43759.961805555555,43760.791666666664,NA
19_20,1300C,3DD.00776F2D1A,11W,116,17.5,fish,LLRTP,"NA",batch_1,43759.962500000001,43760.791666666664,NA
19_20,1310C,3DD.00776F8A39,11W,115,16.600000000000001,fish,LLRTP,"NA",batch_1,43759.962500000001,43760.791666666664,NA
19_20,1320C,3DD.00776EA142,11W,125,22.6,fish,LLRTP,"NA",batch_1,43759.962500000001,43760.791666666664,NA
19_20,1330C,3DD.007770C838,11W,115,13.8,fish,LLRTP,"NA",batch_1,43759.963194444441,43760.791666666664,NA
19_20,1350C,3DD.00776F6287,11W,113,15.8,fish,LLRTP,"NA",batch_1,43759.963194444441,43760.791666666664,NA
19_20,1360C,3DD.00776F441C,11W,107,13.3,fish,LLRTP,"NA",batch_1,43759.963194444441,43760.791666666664,NA
19_20,1380C,3DD.007770CF65,11W,115,14,fish,LLRTP,"NA",batch_1,43759.963888888888,43760.791666666664,NA
19_20,2170C,3DD.00776F05E9,11W,112,16.7,fish,LLRTP,"NA",batch_1,43759.963888888888,43760.791666666664,NA
19_20,2190C,3DD.00776F4738,11W,109,13.2,fish,LLRTP,"NA",batch_1,43759.96597222222,43760.791666666664,NA
19_20,2210C,3DD.00776F2E83,11W,114,16.5,fish,LLRTP,"NA",batch_1,43759.96597222222,43760.791666666664,NA
19_20,2220C,3DD.00776F7B4D,11W,116,14.9,fish,LLRTP,"NA",batch_1,43759.96597222222,43760.791666666664,NA
19_20,2230C,3DD.00776EDCFA,11W,109,14.1,fish,LLRTP,"NA",batch_1,43759.966666666667,43760.791666666664,NA
19_20,2240C,3DD.0077704B8F,11W,111,15.8,fish,LLRTP,"NA",batch_1,43759.966666666667,43760.791666666664,NA
19_20,2250C,3DD.00776F603D,11W,111,15.3,fish,LLRTP,"NA",batch_1,43759.966666666667,43760.791666666664,NA
19_20,2260C,3DD.00776F6E08,11W,114,16.3,fish,LLRTP,"NA",batch_1,43759.966666666667,43760.791666666664,NA
19_20,2270C,3DD.007770241F,11W,119,18.7,fish,LLRTP,"NA",batch_1,43759.967361111114,43760.791666666664,NA
19_20,2290C,3DD.00776F64A6,11W,114,16.5,fish,LLRTP,"NA",batch_1,43759.967361111114,43760.791666666664,NA
19_20,2300C,3DD.0077708AF6,11W,115,15.8,fish,LLRTP,"NA",batch_1,43759.967361111114,43760.791666666664,NA
19_20,2420C,3DD.00777076DE,11W,119,17.5,fish,LEMTRP,"NA",batch_2,43759.967361111114,43762.8125,NA
19_20,2310C,3DD.00776F975E,11W,121,17.600000000000001,fish,LLRTP,"NA",batch_1,43759.968055555553,43760.791666666664,NA
19_20,2320C,3DD.007770DCB6,11W,116,15,fish,LLRTP,"NA",batch_1,43759.968055555553,43760.791666666664,NA
19_20,2330C,3DD.00776E848B,11W,119,20.100000000000001,fish,LLRTP,"NA",batch_1,43759.968055555553,43760.791666666664,NA
19_20,2340C,3DD.00776FA490,11W,124,18.600000000000001,fish,LLRTP,"NA",batch_1,43759.96875,43760.791666666664,NA
19_20,2350C,3DD.00776EE44E,11W,120,18.100000000000001,fish,LLRTP,"NA",batch_1,43759.96875,43760.791666666664,NA
19_20,2360C,3DD.007770075C,11W,115,16.600000000000001,fish,LLRTP,"NA",batch_1,43759.96875,43760.791666666664,NA
19_20,2370C,3DD.007770B892,11W,108,13.1,fish,LLRTP,"NA",batch_1,43759.969444444447,43760.791666666664,NA
19_20,2380C,3DD.007770EDA5,11W,114,14.7,fish,LLRTP,"NA",batch_1,43759.969444444447,43760.791666666664,NA
19_20,3170C,3DD.0077705431,11W,113,13.8,fish,LLRTP,"NA",batch_1,43759.970138888886,43760.791666666664,NA
19_20,3190C,3DD.007770F5F0,11W,115,15.8,fish,LLRTP,"NA",batch_1,43759.970138888886,43760.791666666664,NA
19_20,3200C,3DD.00776F4711,11W,116,17.8,fish,LLRTP,"NA",batch_1,43759.970833333333,43760.791666666664,NA
19_20,3210C,3DD.00776E93AF,11W,116,16.600000000000001,fish,LLRTP,"NA",batch_1,43759.970833333333,43760.791666666664,NA
19_20,3220C,3DD.007770A6C2,11W,113,15.8,fish,LLRTP,"NA",batch_1,43759.970833333333,43760.791666666664,NA
19_20,3230C,3DD.00777009B9,11W,121,19.7,fish,LLRTP,"NA",batch_1,43759.970833333333,43760.791666666664,NA
19_20,3240C,3DD.007770255F,11W,119,17.899999999999999,fish,LLRTP,"NA",batch_1,43759.97152777778,43760.791666666664,NA
19_20,3390C,3DD.00776FB567,11W,109,13.8,fish,LEMTRP,"NA",batch_2,43759.97152777778,43762.8125,NA
19_20,3250C,3DD.00776E9176,11W,115,15.7,fish,LLRTP,"NA",batch_1,43759.97152777778,43760.791666666664,NA
19_20,3260C,3DD.00776FCA4C,11W,109,12.7,fish,LLRTP,"NA",batch_1,43759.97152777778,43760.791666666664,NA
19_20,3270C,3DD.00776F6232,11W,114,16.3,fish,LLRTP,"NA",batch_1,43759.972222222219,43760.791666666664,NA
19_20,3280C,3DD.007770E169,11W,113,13.6,fish,LLRTP,"NA",batch_1,43759.972222222219,43760.791666666664,NA
19_20,3290C,3DD.00776FE087,11W,109,13.4,fish,LLRTP,"NA",batch_1,43759.974999999999,43760.791666666664,NA
19_20,3300C,3DD.00776EA76A,11W,114,15.9,fish,LLRTP,"NA",batch_1,43759.975694444445,43760.791666666664,NA
19_20,3310C,3DD.00776F63C9,11W,107,13.3,fish,LLRTP,"NA",batch_1,43760.046527777777,43760.791666666664,NA
19_20,4180C,3DD.007770FCA0,11W,109,12.9,fish,LLRTP,"NA",batch_1,43760.386805555558,43760.791666666664,NA
19_20,4240C,3DD.00777090AA,11W,106,13.6,fish,LEMTRP,"NA",batch_1,43760.38958333333,43760.819444444445,NA
19_20,4250C,3DD.00776F8A2F,11W,115,14.6,fish,LEMTRP,"NA",batch_1,43760.390277777777,43760.819444444445,NA
19_20,3340C,3DD.00777025EB,11W,119,18.600000000000001,fish,LEMTRP,"NA",batch_1,43760.396527777775,43760.819444444445,NA
19_20,3360C,3DD.00776EC06C,11W,112,17,fish,LLRTP,"NA",batch_1,43760.399305555555,43761.791666666664,NA
19_20,4230C,3DD.00776FFC30,11W,124,22,fish,LLRTP,"NA",batch_1,43760.426388888889,43760.791666666664,NA
19_20,4260C,3DD.00776FDE02,11W,109,14.7,fish,LLRTP,"NA",batch_1,43760.426388888889,43760.791666666664,NA
19_20,4210C,3DD.00776F7D64,11W,121,18.8,fish,LLRTP,"NA",batch_1,43760.427083333336,43760.791666666664,NA
19_20,4270C,3DD.00776FAF3C,11W,109,13,fish,LLRTP,"NA",batch_1,43760.427083333336,43760.791666666664,NA
19_20,4200C,3DD.00776F9929,11W,111,15.3,fish,LEMTRP,"NA",batch_1,43760.447222222225,43760.819444444445,NA
19_20,3350C,3DD.00776F91A4,11W,116,14.6,fish,LLRTP,"NA",batch_1,43760.447916666664,43760.791666666664,NA
19_20,3320C,3DD.007770074D,11W,109,15,fish,LEMTRP,"NA",batch_1,43760.448611111111,43762.8125,NA
19_20,3330C,3DD.007770B3EE,11W,114,18,fish,LEMTRP,"NA",batch_1,43760.449305555558,43760.819444444445,NA
19_20,3320C,3DD.00776F227E,11W,118,19.5,fish,LEMTRP,"NA",batch_1,43760.449305555558,43760.819444444445,NA
19_20,4190C,3DD.00776FC9F7,11W,113,15.6,fish,LEMTRP,"NA",batch_1,43760.45,43760.819444444445,PA
19_20,4170C,3DD.00776F5732,11W,107,15.2,fish,LEMTRP,"NA",batch_1,43760.450694444444,43760.819444444445,NA
19_20,8220C,"NA","NA","NA","NA",test,"NA","NA",batch_1,43760.45208333333,"NA",NA
19_20,5340C,3DD.00776FA90A,11W,107,13.3,fish,LEMTRP,"NA",batch_1,43760.452777777777,43762.8125,NA
19_20,6220C,3DD.007770DAA0,11W,134,28.2,fish,LEMTRP,"NA",batch_1,43760.45416666667,43763.777777777781,NA
19_20,6340C,3DD.00776EB6EE,11W,107,13.2,fish,LEMTRP,"NA",batch_1,43760.454861111109,43762.8125,NA
19_20,6180C,3DD.00777070F1,11W,100,13.2,fish,LEMTRP,"NA",batch_1,43760.455555555556,43762.8125,NA
19_20,5350C,3DD.00776F2A4E,11W,112,14.4,fish,LEMTRP,"NA",batch_1,43760.456250000003,43762.8125,NA
19_20,4220C,3DD.00776FDEC8,11W,127,22.7,fish,LLRTP,"NA",batch_1,43760.458333333336,43760.791666666664,NA
19_20,9230C,3DD.00776FD370,11W,105,11.5,fish,LEMTRP,"NA",batch_1,43760.46597222222,43763.777777777781,NA
19_20,6230C,3DD.00776F549A,11W,113,15.9,fish,LEMTRP,"NA",batch_1,43760.477777777778,43762.8125,NA
19_20,7180C,3DD.007770AAB2,11W,105,12.5,fish,LEMTRP,"NA",batch_1,43760.488888888889,43762.8125,NA
19_20,9210C,3DD.00776FBD48,11W,115,16.100000000000001,fish,LEMTRP,"NA",batch_1,43760.740972222222,43763.777777777781,NA
19_20,6210C,3DD.00777031C0,11W,104,12,fish,LEMTRP,"NA",batch_1,43760.758333333331,43763.777777777781,NA
19_20,7230C,3DD.0077703031,11W,114,16.600000000000001,fish,LEMTRP,"NA",batch_1,43760.806944444441,43762.8125,NA
19_20,7220C,3DD.00777076E9,11W,115,17.399999999999999,fish,LEMTRP,"NA",batch_1,43760.810416666667,43762.8125,NA
19_20,7170C,3DD.00776F44F2,11W,113,17.100000000000001,fish,LEMTRP,"NA",batch_1,43760.821527777778,43762.8125,NA
19_20,8210C,3DD.00776EA7A9,11W,106,13.7,fish,LEMTRP,"NA",batch_1,43760.857638888891,43762.8125,NA
19_20,8320C,3DD.00776FEDCB,11W,102,11.3,fish,HYDTRP,"NA",batch_1,43760.873611111114,43763.819444444445,NA
19_20,7350C,3DD.00776E99CD,11W,112,16.2,fish,LEMTRP,"NA",batch_1,43760.928472222222,43762.8125,NA
19_20,5330C,3DD.0077708E39,11W,113,14.8,fish,LEMTRP,"NA",batch_1,43760.951388888891,43762.8125,NA
19_20,6190C,3DD.0077703070,11W,104,13,fish,LEMTRP,"NA",batch_1,43760.961805555555,43762.8125,NA
19_20,9200C,3DD.00776FAF37,11W,105,12.1,fish,LEMTRP,"NA",batch_1,43760.977777777778,43763.777777777781,NA
19_20,4290C,3DD.00776F1A49,11W,113,16.3,fish,LEMTRP,"NA",batch_1,43761.018055555556,43760.819444444445,NA
19_20,8200C,3DD.00776F38E7,11W,113,16.100000000000001,fish,LEMTRP,"NA",batch_1,43761.07708333333,43762.8125,NA
19_20,9190C,3DD.00776EA6AE,11W,110,12.8,fish,LEMTRP,"NA",batch_1,43761.147222222222,43761.770833333336,NA
19_20,7510C,3DD.00776EF8A5,11W,105,15.3,test,LEMTRP,"NA",batch_3,43761.188194444447,NA,DI Mort
19_20,5180C,3DD.007770E709,11W,123,20.7,fish,LLRTP,"NA",batch_1,43761.19027777778,43761.791666666664,NA
19_20,5190C,3DD.007770E7B3,11W,107,16.5,fish,LLRTP,"NA",batch_1,43761.19027777778,43761.791666666664,NA
19_20,5200C,3DD.00776FAFB1,11W,110,15.7,fish,LLRTP,"NA",batch_1,43761.19027777778,43761.791666666664,NA
19_20,5210C,3DD.00776F0092,11W,126,23.4,fish,LLRTP,"NA",batch_1,43761.19027777778,43761.791666666664,NA
19_20,5220C,3DD.0077706B8F,11W,115,18.3,fish,LLRTP,"NA",batch_1,43761.19027777778,43761.791666666664,NA
19_20,8230C,3DD.00776F46FB,11W,112,15.8,fish,LEMTRP,"NA",batch_1,43761.19027777778,43763.777777777781,NA
19_20,5240C,3DD.00776F5398,11W,112,17,fish,LLRTP,"NA",batch_1,43761.19027777778,43761.791666666664,NA
19_20,5250C,3DD.007770337D,11W,106,13.7,fish,LLRTP,"NA",batch_1,43761.19027777778,43761.791666666664,NA
19_20,5270C,3DD.007770228E,11W,126,23.2,fish,LLRTP,"NA",batch_1,43761.19027777778,43761.791666666664,NA
19_20,4320C,3DD.0077703FFF,11W,114,17.899999999999999,fish,LLRTP,"NA",batch_1,43761.19027777778,43761.791666666664,NA
19_20,4330C,3DD.007770E957,11W,104,14.1,fish,LLRTP,"NA",batch_1,43761.19027777778,43761.791666666664,NA
19_20,4340C,3DD.007770E1FD,11W,107,16,fish,LLRTP,"NA",batch_1,43761.19027777778,43761.791666666664,NA
19_20,4350C,3DD.00776F9184,11W,114,17.5,fish,LLRTP,"NA",batch_1,43761.19027777778,43761.791666666664,NA
19_20,5230C,3DD.00777065C9,11W,108,14.1,fish,LLRTP,"NA",batch_3,43761.19027777778,43761.791666666664,NA
19_20,1250C,"NA","NA","NA","NA",test,"NA","NA",batch_1,43761.19027777778,"NA",NA
19_20,9280C,"NA","NA","NA","NA",test,"NA","NA",batch_1,43761.19027777778,"NA",NA
19_20,1370C,"NA","NA","NA","NA",test,"NA","NA",batch_1,43761.19027777778,"NA",NA
19_20,8370C,"NA","NA","NA","NA",test,"NA","NA",batch_1,43761.19027777778,"NA",NA
19_20,4310C,"NA","NA","NA","NA",test,"NA","NA",batch_1,43761.192361111112,"NA",NA
19_20,3340C,3DD.0077701363,11W,127,25.7,fish,LEMTRP,"NA",batch_1,43761.193055555559,43762.8125,NA
19_20,4300C,3DD.00776F02E8,11W,126,22.4,fish,LLRTP,"NA",batch_1,43761.195138888892,43761.791666666664,NA
19_20,4380C,3DD.0077702FDC,11W,129,23.8,fish,LLRTP,"NA",batch_1,43761.195833333331,43761.791666666664,NA
19_20,4360C,3DD.00776FEB36,11W,115,18.8,fish,LLRTP,"NA",batch_1,43761.195833333331,43761.791666666664,NA
19_20,4370C,3DD.00776EA445,11W,114,17.100000000000001,fish,LLRTP,"NA",batch_1,43761.199305555558,43761.791666666664,NA
19_20,5260C,3DD.00776F661E,11W,121,20.6,fish,LLRTP,"NA",batch_1,43761.2,43761.791666666664,NA
19_20,4420C,3DD.00777090BA,11W,117,15.2,fish,LEMTRP,"NA",batch_2,43761.202777777777,43762.8125,NA
19_20,9300C,3DD.00776F23B9,11W,113,16.7,fish,LLRTP,"NA",batch_1,43761.20416666667,43761.791666666664,NA
19_20,9310C,3DD.0077704B79,11W,106,15.4,fish,LLRTP,"NA",batch_1,43761.204861111109,43761.791666666664,NA
19_20,5170C,"NA","NA","NA","NA",test,"NA","NA",batch_1,43761.218055555553,"NA",NA
19_20,8190C,"NA","NA","NA","NA",test,"NA","NA",batch_1,43761.218055555553,"NA",NA
19_20,2200C,"NA","NA","NA","NA",test,"NA","NA",batch_1,43761.218055555553,"NA",NA
19_20,1340C,"NA","NA","NA","NA",test,"NA","NA",batch_1,43761.218055555553,"NA",NA
19_20,8340C,"NA","NA","NA","NA",test,"NA","NA",batch_1,43761.218055555553,"NA",NA
19_20,6440C,"NA","NA","NA","NA",test,"NA","NA",batch_2,43761.21875,"NA",NA
19_20,5430C,"NA","NA","NA","NA",test,"NA","NA",batch_2,43761.219444444447,"NA",NA
19_20,3480C,"NA","NA","NA","NA",test,"NA","NA",batch_3,43761.219444444447,"NA",NA
19_20,4410C,"NA","NA","NA","NA",test,"NA","NA",batch_2,43761.220138888886,"NA",NA
19_20,2520C,"NA","NA","NA","NA",test,"NA","NA",batch_3,43761.220833333333,"NA",NA
19_20,1490C,3DD.007770CFCE,11W,101,11,fish,LEMTRP,"NA",batch_3,43761.220833333333,43766.885416666664,NA
19_20,5490C,"NA","NA","NA","NA",test,"NA","NA",batch_3,43761.22152777778,"NA",NA
19_20,4430C,"NA","NA","NA","NA",test,"NA","NA",batch_2,43761.222916666666,"NA",NA
19_20,9330C,3DD.00776F604B,11W,113,13.8,fish,LEMTRP,"NA",batch_1,43761.390277777777,43761.770833333336,NA
19_20,6260C,3DD.00776F49F3,11W,108,14.3,fish,LEMTRP,"NA",batch_1,43761.819444444445,43762.8125,NA
19_20,8300C,3DD.00776FB98B,11W,111,15.5,fish,LEMTRP,"NA",batch_1,43761.824305555558,43762.8125,NA
19_20,9180C,3DD.00776F7B5D,11W,113,14.1,fish,LEMTRP,"NA",batch_1,43761.870833333334,43761.770833333336,NA
19_20,3490C,3DD.00776EF67B,11W,120,18.5,fish,HYDTRP,"NA",batch_3,43762.39166666667,43762.770833333336,NA
19_20,2480C,3DD.00776E05A2,11W,109,13.8,fish,LEMTRP,"NA",batch_3,43762.393055555556,43762.8125,NA
19_20,4490C,3DD.00776FDF20,11W,106,13.3,fish,LEMTRP,"NA",batch_3,43762.393750000003,43762.8125,NA
19_20,1510C,3DD.00776F52CC,11W,110,15,fish,LEMTRP,"NA",batch_1,43762.394444444442,43762.8125,This was supposed to be a Batch 3 came on early as Batch 1
19_20,5460C,3DD.007770AB79,11W,104,11.9,fish,LEMTRP,"NA",batch_3,43762.395138888889,43762.8125,NA
19_20,1500C,3DD.00776F5249,11W,119,21.3,fish,LEMTRP,"NA",batch_3,43762.395138888889,43762.8125,NA
19_20,1520C,"NA","NA","NA","NA",test,"NA","NA",batch_3,43762.395833333336,"NA",NA
19_20,1480C,3DD.00776FEE05,11W,114,16.5,fish,LEMTRP,"NA",batch_3,43762.395833333336,43762.8125,NA
19_20,2510C,3DD.00776E576A,11W,102,11.3,fish,LEMTRP,"NA",batch_3,43762.396527777775,43762.8125,NA
19_20,5500C,3DD.0077710AF7,11W,104,14,fish,LEMTRP,"NA",batch_3,43762.397222222222,43762.8125,NA
19_20,6510C,3DD.00776F5495,11W,114,16.3,fish,LEMTRP,"NA",batch_3,43762.397916666669,43762.8125,NA
19_20,3510C,3DD.00776F54B1,11W,109,13.1,fish,LEMTRP,"NA",batch_3,43762.397916666669,43763.777777777781,NA
19_20,6450C,3DD.00776FAD34,11W,114,16.3,fish,LEMTRP,"NA",batch_2,43762.397916666669,43762.8125,NA
19_20,2400C,3DD.00776E889A,11W,111,16.2,fish,LEMTRP,"NA",batch_2,43762.400000000001,43762.8125,NA
19_20,4450C,3DD.00776E990E,11W,109,13.9,fish,LEMTRP,"NA",batch_2,43762.400694444441,43762.8125,NA
19_20,3400C,3DD.00776F98C9,11W,107,14.2,fish,LEMTRP,"NA",batch_1,43762.400694444441,43763.777777777781,This was supposed to be a Batch 2 came on early as Batch 1
19_20,3370C,3DD.0077702FD5,11W,110,16.3,fish,LEMTRP,"NA",batch_1,43762.401388888888,43760.819444444445,This was supposed to be a Batch 2 came on early as Batch 1
19_20,5450C,3DD.00776EA616,11W,111,15.3,fish,LEMTRP,"NA",batch_2,43762.402083333334,43762.8125,NA
19_20,9170C,3DD.00776EA0AC,11W,107,12.8,fish,LEMTRP,"NA",batch_1,43762.500694444447,43762.8125,NA
19_20,8290C,3DD.0077710AF9,11W,122,20.3,fish,LEMTRP,"NA",batch_1,43762.501388888886,43762.8125,NA
19_20,8260C,3DD.00776FA84B,11W,109,13.2,fish,LEMTRP,"NA",batch_1,43762.502083333333,43762.8125,NA
19_20,8310C,3DD.00776F5274,11W,105,13.1,fish,LEMTRP,"NA",batch_1,43762.502083333333,43762.8125,NA
19_20,7290C,3DD.0077703FBB,11W,109,15,fish,LEMTRP,"NA",batch_1,43762.50277777778,43762.8125,NA
19_20,5370C,3DD.00776FA5F1,11W,109,13.8,fish,LEMTRP,"NA",batch_1,43762.503472222219,43762.8125,NA
19_20,5320C,3DD.007770B2FC,11W,104,12.5,fish,LEMTRP,"NA",batch_1,43762.503472222219,43762.8125,NA
19_20,5360C,3DD.00776E908D,11W,108,14,fish,LEMTRP,"NA",batch_1,43762.505555555559,43762.8125,NA
19_20,5290C,3DD.0077703337,11W,114,15.6,fish,LEMTRP,"NA",batch_1,43762.506944444445,43762.8125,NA
19_20,6370C,3DD.00776EF664,11W,123,21.3,fish,LEMTRP,"NA",batch_1,43762.506944444445,43762.8125,NA
19_20,4400C,3DD.007770D3FA,11W,108,12.5,fish,LEMTRP,"NA",batch_2,43762.510416666664,43762.8125,NA
19_20,6290C,3DD.0077703FF3,11W,104,12.8,fish,LEMTRP,"NA",batch_1,43762.510416666664,43762.8125,NA
19_20,6360C,3DD.00776EA93E,11W,106,13,fish,LEMTRP,"NA",batch_1,43762.511111111111,43762.8125,NA
19_20,4440C,3DD.0077703FEC,11W,98,11.8,fish,LEMTRP,"NA",batch_2,43762.515277777777,43763.777777777781,NA
19_20,1390C,3DD.00776EC288,11W,117,18.600000000000001,fish,LEMTRP,"NA",batch_2,43762.515277777777,43762.8125,NA
19_20,3430C,3DD.00777082B8,11W,111,0.6,fish,LEMTRP,"NA",batch_2,43762.515277777777,43763.777777777781,NA
19_20,5390C,3DD.007770158E,11W,110,14.5,fish,LEMTRP,"NA",batch_1,43762.540277777778,43763.777777777781,This was supposed to be a Batch 2 came on early as Batch 1
19_20,6430C,3DD.007770243A,11W,110,15,fish,LEMTRP,"NA",batch_2,43762.543749999997,43762.8125,NA
19_20,5400C,3DD.00776FAF8B,11W,105,13.1,fish,LEMTRP,"NA",batch_2,43762.543749999997,43762.8125,NA
19_20,8440C,"NA","NA","NA","NA",test,"NA","NA",batch_2,43762.868750000001,"NA",NA
19_20,9380C,"NA","NA","NA","NA",test,"NA","NA",batch_2,43762.869444444441,"NA",NA
19_20,7500C,"NA","NA","NA","NA",test,"NA","NA",batch_3,43762.9375,"NA",NA
19_20,2410C,3DD.00776F46CB,11W,103,12.1,fish,LEMTRP,"NA",batch_2,43763.224999999999,43763.777777777781,NA
19_20,2450C,3DD.00776F98E0,11W,105,12.3,fish,LEMTRP,"NA",batch_2,43763.225694444445,43763.777777777781,NA
19_20,3410C,3DD.00776F22BE,11W,108,13.9,fish,LEMTRP,"NA",batch_2,43763.226388888892,43762.8125,NA
19_20,4520C,3DD.00776E9C4D,11W,103,11.5,fish,LEMTRP,"NA",batch_1,43763.227083333331,43763.777777777781,This was supposed to be a Batch 3 came on early as Batch 1
19_20,5410C,3DD.0077704A1A,11W,104,12,fish,LEMTRP,"NA",batch_2,43763.227777777778,43763.777777777781,NA
19_20,6390C,3DD.00776FAF50,11W,123,19.600000000000001,fish,LEMTRP,"NA",batch_2,43763.227777777778,43763.777777777781,NA
19_20,5440C,3DD.00776F2EF1,11W,105,13.6,fish,LEMTRP,"NA",batch_2,43763.228472222225,43763.777777777781,NA
19_20,6410C,3DD.00776F6056,11W,104,12.2,fish,LEMTRP,"NA",batch_2,43763.228472222225,43763.777777777781,NA
19_20,2390C,3DD.00776F7C4C,11W,119,18.100000000000001,fish,LEMTRP,"NA",batch_2,43763.231249999997,43763.777777777781,NA
19_20,2430C,3DD.00776F6603,11W,103,12,fish,LEMTRP,"NA",batch_2,43763.231944444444,43763.777777777781,NA
19_20,3380C,3DD.00776EA947,11W,109,14.6,fish,LLRTP,"NA",batch_1,43763.232638888891,43760.791666666664,This was supposed to be a Batch 2 came on early as Batch 1
19_20,3450C,3DD.00776FA03A,11W,104,12.9,fish,LEMTRP,"NA",batch_1,43763.232638888891,43763.777777777781,This was supposed to be a Batch 2 came on early as Batch 1
19_20,1410C,3DD.00776F6F61,11W,106,12.7,fish,LEMTRP,"NA",batch_2,43763.23333333333,43763.777777777781,NA
19_20,5380C,3DD.00776E9026,11W,104,12.2,fish,LEMTRP,"NA",batch_2,43763.23541666667,43763.777777777781,NA
19_20,1430C,3DD.00776FF923,11W,103,12.3,fish,LEMTRP,"NA",batch_1,43763.23541666667,43763.777777777781,This was supposed to be a Batch 2 came on early as Batch 1
19_20,1450C,3DD.00776F94C8,11W,125,21.9,fish,LEMTRP,"NA",batch_2,43763.236111111109,43763.777777777781,NA
19_20,1440C,3DD.007770CF61,11W,119,18.2,fish,LEMTRP,"NA",batch_2,43763.236805555556,43763.777777777781,NA
19_20,5420C,3DD.00776F5E63,11W,117,18.7,fish,LEMTRP,"NA",batch_2,43763.238888888889,43763.777777777781,NA
19_20,6380C,3DD.0077700746,11W,105,13,fish,LEMTRP,"NA",batch_2,43763.239583333336,43763.777777777781,NA
19_20,1400C,3DD.00776FCA84,11W,102,11.1,fish,LEMTRP,"NA",batch_2,43763.255555555559,43763.777777777781,NA
19_20,1460C,3DD.00776FA4D8,11W,123,21.7,fish,LEMTRP,"NA",batch_3,43763.256249999999,43763.777777777781,NA
19_20,4470C,3DD.00776E99B4,11W,103,12.1,fish,LEMTRP,"NA",batch_3,43763.256249999999,43763.777777777781,NA
19_20,1470C,3DD.00776F38B4,11W,102,12.5,fish,LEMTRP,"NA",batch_3,43763.256944444445,43763.777777777781,NA
19_20,2500C,3DD.00776FA475,11W,114,17,fish,LEMTRP,"NA",batch_3,43763.256944444445,43763.777777777781,NA
19_20,4510C,3DD.00776F7D1F,11W,102,10.5,fish,LEMTRP,"NA",batch_1,43763.256944444445,43763.777777777781,This was supposed to be a Batch 3 came on early as Batch 1
19_20,3470C,3DD.00776FC9F5,11W,102,10.6,fish,LEMTRP,"NA",batch_3,43763.257638888892,43763.777777777781,NA
19_20,6500C,3DD.00776EE1F8,11W,107,13.8,fish,LEMTRP,"NA",batch_1,43763.257638888892,43763.777777777781,This was supposed to be a Batch 3 came on early as Batch 1
19_20,5480C,3DD.00776ECEF6,11W,104,12.9,fish,LEMTRP,"NA",batch_3,43763.258333333331,43763.777777777781,NA
19_20,2490C,3DD.00776EF5D4,11W,111,15,fish,LEMTRP,"NA",batch_1,43763.258333333331,43763.777777777781,This was supposed to be a Batch 3 came on early as Batch 1
19_20,4480C,3DD.00777013EF,11W,111,15.6,fish,LEMTRP,"NA",batch_3,43763.258333333331,43763.777777777781,NA
19_20,9270C,3DD.00776F52D3,11W,104,12.9,fish,LEMTRP,"NA",batch_1,43763.259027777778,43763.777777777781,NA
19_20,9340C,3DD.007770F6B1,11W,110,15,fish,LEMTRP,"NA",batch_1,43763.259027777778,43763.777777777781,NA
19_20,6310C,3DD.00776F514D,11W,127,22.8,fish,LEMTRP,"NA",batch_1,43763.259722222225,43763.777777777781,NA
19_20,8280C,3DD.00776F4725,11W,112,14.8,fish,LEMTRP,"NA",batch_1,43763.259722222225,43763.777777777781,NA
19_20,8240C,3DD.007770A6E0,11W,120,19,fish,LEMTRP,"NA",batch_1,43763.260416666664,43763.777777777781,NA
19_20,6300C,3DD.0077703D8F,11W,101,11.1,fish,LEMTRP,"NA",batch_1,43763.260416666664,43763.777777777781,NA
19_20,7250C,3DD.00776F0214,11W,120,18.8,fish,LEMTRP,"NA",batch_1,43763.261805555558,43763.777777777781,NA
19_20,3520C,3DD.00776ECDE6,11W,101,10.5,fish,LEMTRP,"NA",batch_3,43763.318055555559,43763.777777777781,NA
19_20,5520C,3DD.00776F7B88,11W,101,11.9,fish,LEMTRP,"NA",batch_3,43763.318749999999,43763.777777777781,NA
19_20,4460C,3DD.00776F893B,11W,138,0.4,fish,LEMTRP,"NA",batch_3,43763.319444444445,43763.777777777781,NA
19_20,3500C,3DD.00776F5CE0,11W,102,11.1,fish,LEMTRP,"NA",batch_3,43763.320138888892,43763.777777777781,NA
19_20,5510C,3DD.00776F60C7,11W,117,18.3,fish,LEMTRP,"NA",batch_3,43763.320833333331,43763.777777777781,NA
19_20,4500C,3DD.00776EB0EE,11W,136,31.1,fish,LEMTRP,"NA",batch_1,43763.321527777778,43763.777777777781,This was supposed to be a Batch 3 came on early as Batch 1
19_20,3460C,3DD.00776F6039,11W,112,15.1,fish,LEMTRP,"NA",batch_3,43763.321527777778,43763.777777777781,NA
19_20,6460C,3DD.00776EA910,11W,117,17.5,fish,LEMTRP,"NA",batch_3,43763.321527777778,43763.777777777781,NA
19_20,5470C,3DD.00776F3042,11W,113,15.7,fish,LEMTRP,"NA",batch_1,43763.322222222225,43763.777777777781,This was supposed to be a Batch 3 came on early as Batch 1
19_20,6470C,3DD.007770CE81,11W,100,12.1,fish,LEMTRP,"NA",batch_3,43763.324999999997,43763.777777777781,NA
19_20,2470C,3DD.00776EDB70,11W,115,17.8,fish,LEMTRP,"NA",batch_3,43763.325694444444,43763.777777777781,NA
19_20,6520C,3DD.0077700A1E,11W,99,10.5,fish,LEMTRP,"NA",batch_3,43763.325694444444,43763.777777777781,NA
19_20,6490C,3DD.0077708E4C,11W,128,25,fish,LEMTRP,"NA",batch_3,43763.325694444444,43763.777777777781,NA
19_20,6480C,3DD.00776E847E,11W,112,15.6,fish,LEMTRP,"NA",batch_1,43763.325694444444,43763.777777777781,This was supposed to be a Batch 3 came on early as Batch 1
19_20,2460C,3DD.00776F4083,11W,118,19.399999999999999,fish,LEMTRP,"NA",batch_3,43763.326388888891,43763.777777777781,NA
19_20,8500C,3DD.00776E8B6C,11W,102,12,fish,LEMTRP,"NA",batch_3,43763.326388888891,43763.777777777781,NA
19_20,9400C,3DD.0077707E40,11W,110,13.6,fish,LEMTRP,"NA",batch_2,43763.326388888891,43763.777777777781,NA
19_20,9510C,3DD.00776FC9F2,11W,110,15.2,fish,LEMTRP,"NA",batch_3,43763.32708333333,43763.777777777781,NA
19_20,8390C,3DD.00776F388E,11W,103,12,fish,LEMTRP,"NA",batch_2,43763.32708333333,43763.777777777781,NA
19_20,7490C,3DD.00776F2F66,11W,100,11.3,fish,HYDTRP,"NA",batch_3,43763.327777777777,43763.819444444445,NA
19_20,8380C,3DD.00776F29F5,11W,103,11.7,fish,HYDTRP,"NA",batch_2,43763.327777777777,43763.819444444445,NA
19_20,7480C,3DD.0077709024,11W,103,0.4,fish,LEMTRP,"NA",batch_3,43763.327777777777,43763.777777777781,NA
19_20,9420C,3DD.007770C021,11W,108,14,fish,LEMTRP,"NA",batch_2,43763.328472222223,43763.777777777781,NA
19_20,9410C,3DD.00776FAFB3,11W,112,13.7,fish,LEMTRP,"NA",batch_2,43763.328472222223,43763.777777777781,NA
19_20,9290C,3DD.00776F8B89,11W,104,11.1,fish,HYDTRP,"NA",batch_1,43763.328472222223,43763.819444444445,NA
19_20,9360C,3DD.00777022FE,11W,104,12.2,fish,HYDTRP,"NA",batch_1,43763.32916666667,43763.819444444445,NA
19_20,8250C,3DD.007770F541,11W,105,12.7,fish,HYDTRP,"NA",batch_1,43763.32916666667,43763.819444444445,NA
19_20,6270C,3DD.00776F74A5,11W,110,13.9,fish,HYDTRP,"NA",batch_1,43763.32916666667,43763.819444444445,NA
19_20,7440C,"NA","NA","NA","NA",test,"NA","NA",batch_2,43766,"NA",NA
19_20,4390C,3DD.00776F5284,11W,117,17.8,fish,LEMTRP,"NA",batch_2,43766.407638888886,43766.885416666664,NA
19_20,8480C,3DD.0077704C23,11W,102,13.3,fish,LEMTRP,"NA",batch_3,43766.415972222225,43766.885416666664,NA
19_20,8450C,3DD.0077708A47,11W,103,12.9,fish,LEMTRP,"NA",batch_3,43766.416666666664,43766.885416666664,NA
19_20,7390C,3DD.00776ECDBF,11W,116,18.600000000000001,fish,LEMTRP,"NA",batch_2,43766.417361111111,43766.885416666664,NA
19_20,9520C,3DD.00776F4556,11W,109,14.8,fish,LEMTRP,"NA",batch_3,43766.417361111111,43766.885416666664,NA
19_20,9430C,3DD.007770F1BE,11W,112,15.5,fish,LEMTRP,"NA",batch_2,43766.418055555558,43766.885416666664,NA
19_20,9450C,3DD.00776F71B2,11W,105,12.9,fish,LEMTRP,"NA",batch_3,43766.418749999997,43766.885416666664,NA
19_20,9470C,3DD.00776EE7F3,11W,106,14.3,fish,LEMTRP,"NA",batch_3,43766.419444444444,43766.885416666664,NA
19_20,8420C,3DD.00776EDD16,11W,103,12.2,fish,LEMTRP,"NA",batch_2,43766.420138888891,43766.885416666664,NA
19_20,7430C,3DD.00776F75D5,11W,109,14.1,fish,LEMTRP,"NA",batch_2,43766.421527777777,43766.885416666664,NA
19_20,7470C,3DD.007770D352,11W,108,15.2,fish,LEMTRP,"NA",batch_3,43766.421527777777,43766.885416666664,NA
19_20,9390C,3DD.00776E49BE,11W,117,20,fish,LEMTRP,"NA",batch_2,43766.422222222223,43766.885416666664,NA
19_20,9500C,3DD.00776F459F,11W,107,14.6,fish,LEMTRP,"NA",batch_3,43766.422222222223,43766.885416666664,NA
19_20,6350C,3DD.0077706C99,11W,105,12.8,fish,LEMTRP,"NA",batch_1,43766.423611111109,43766.885416666664,NA
19_20,8410C,3DD.00776FCA1E,11W,111,13.4,fish,LEMTRP,"NA",batch_2,43766.423611111109,43766.885416666664,NA
19_20,7420C,3DD.00776F932A,11W,120,19.399999999999999,fish,LEMTRP,"NA",batch_2,43766.423611111109,43766.885416666664,NA
19_20,6280C,3DD.00776FA0DA,11W,108,15.3,fish,LEMTRP,"NA",batch_1,43766.427777777775,43766.885416666664,NA
19_20,7310C,3DD.00776F5614,11W,110,15.5,fish,LEMTRP,"NA",batch_1,43766.433333333334,43766.885416666664,NA
19_20,7370C,3DD.00776F12B6,11W,113,14.4,fish,LEMTRP,"NA",batch_1,43766.433333333334,43762.8125,NA
19_20,9370C,3DD.00776F3A95,11W,108,13.7,fish,LEMTRP,"NA",batch_1,43766.433333333334,43766.885416666664,NA
19_20,7320C,3DD.00776FDE11,11W,110,14.3,fish,LEMTRP,"NA",batch_1,43766.435416666667,43766.885416666664,NA
19_20,5300C,"NA","NA","NA","NA",test,"NA","NA",batch_1,43766.4375,"NA",NA
19_20,6170C,3DD.007770261B,11W,103,12.2,fish,LEMTRP,"NA",batch_1,43766.447916666664,43766.885416666664,NA
19_20,8270C,3DD.00776EF260,11W,110,15.1,fish,LEMTRP,"NA",batch_1,43766.447916666664,43766.885416666664,NA
19_20,7360C,3DD.007770B231,11W,109,13.6,fish,LEMTRP,"NA",batch_1,43766.447916666664,43766.885416666664,NA
19_20,6200C,3DD.00776FCAEF,11W,105,12.5,fish,LEMTRP,"NA",batch_1,43766.45,43766.885416666664,NA
19_20,5310C,3DD.00776FEBA1,11W,123,23.7,fish,LEMTRP,"NA",batch_1,43766.45,43766.885416666664,NA
19_20,8400C,3DD.0077710B25,11W,113,14.5,fish,LEMTRP,"NA",batch_2,43766.45,43766.885416666664,NA
19_20,7520C,3DD.00776F8C10,11W,125,20.9,fish,LEMTRP,"NA",batch_3,43766.45,43766.885416666664,NA
19_20,7190C,3DD.00776F9692,11W,109,15.2,fish,LEMTRP,"NA",batch_1,43766.451388888891,43766.885416666664,NA
19_20,7200C,3DD.00776EB50E,11W,104,11.1,fish,LEMTRP,"NA",batch_1,43766.452777777777,43766.885416666664,NA
19_20,7210C,3DD.007770304C,11W,104,11.4,fish,LEMTRP,"NA",batch_1,43766.452777777777,43766.885416666664,NA
19_20,6250C,3DD.00777033C6,11W,103,12.1,fish,LEMTRP,"NA",batch_1,43766.452777777777,43766.885416666664,NA
19_20,5280C,3DD.00776F14F3,11W,125,19.7,fish,LEMTRP,"NA",batch_1,43766.452777777777,43766.885416666664,NA
19_20,6330C,3DD.00776F55CF,11W,111,15.6,fish,LEMTRP,"NA",batch_1,43766.452777777777,43766.885416666664,NA
19_20,7450C,3DD.007770F1C0,11W,104,11.7,fish,LEMTRP,"NA",batch_2,43766.452777777777,43766.885416666664,NA
19_20,7460C,3DD.00776EAF3C,11W,115,17.100000000000001,fish,LEMTRP,"NA",batch_3,43766.452777777777,43766.885416666664,NA
19_20,9490C,3DD.00776F7E14,11W,104,12.2,fish,LEMTRP,"NA",batch_3,43766.452777777777,43766.885416666664,NA
19_20,8170C,3DD.0077703FF7,11W,105,12.3,fish,LEMTRP,"NA",batch_1,43766.45416666667,43766.885416666664,NA
19_20,7300C,3DD.0077700A32,11W,107,13,fish,LEMTRP,"NA",batch_1,43766.45416666667,43766.885416666664,NA
19_20,6320C,3DD.00776FCA27,11W,108,13.9,fish,LEMTRP,"NA",batch_1,43766.45416666667,43766.885416666664,NA
19_20,8350C,3DD.00776EAB03,11W,103,11.7,fish,LEMTRP,"NA",batch_1,43766.45416666667,43766.885416666664,NA
19_20,8360C,3DD.00776F4859,11W,110,15.3,fish,LEMTRP,"NA",batch_1,43766.45416666667,43766.885416666664,NA
19_20,9480C,3DD.00776ECF5B,11W,107,13.4,fish,LEMTRP,"NA",batch_3,43766.45416666667,43766.885416666664,NA
19_20,8490C,3DD.00776F60AF,11W,105,10.9,fish,LEMTRP,"NA",batch_3,43766.45416666667,43766.885416666664,NA
19_20,7260C,3DD.00776E9C78,11W,112,16.5,fish,LEMTRP,"NA",batch_1,43766.458333333336,43766.885416666664,NA
19_20,7340C,3DD.00776F6069,11W,114,16.8,fish,LEMTRP,"NA",batch_1,43766.458333333336,43766.885416666664,NA
19_20,9460C,3DD.00776F7D12,11W,123,23,fish,LEMTRP,"NA",batch_3,43766.458333333336,43766.885416666664,NA
19_20,9220C,3DD.00776ECB33,11W,106,12.5,fish,LEMTRP,"NA",batch_1,43766.458333333336,43766.885416666664,NA
19_20,9260C,3DD.0077702590,11W,105,11.4,fish,LEMTRP,"NA",batch_1,43766.459722222222,43766.885416666664,NA
19_20,7280C,3DD.0077704A60,11W,102,11.4,fish,LEMTRP,"NA",batch_1,43766.459722222222,43766.885416666664,NA
19_20,7380C,3DD.00777022B6,11W,113,16.3,fish,LEMTRP,"NA",batch_2,43766.459722222222,43766.885416666664,NA
19_20,7410C,3DD.00776F8649,11W,116,17.8,fish,LEMTRP,"NA",batch_1,43766.459722222222,43766.885416666664,This was supposed to be a Batch 2 came on early as Batch 1
19_20,8470C,3DD.007770E2B4,11W,116,17.399999999999999,fish,LEMTRP,"NA",batch_3,43766.459722222222,43766.885416666664,NA
19_20,7400C,3DD.00776F967C,11W,107,13.8,test,LEMTRP,"NA",batch_2,43766.459722222222,43766.885416666664,NA
19_20,8430C,3DD.007770067A,11W,103,11.7,fish,LEMTRP,"NA",batch_2,43766.462500000001,43766.885416666664,NA
19_20,9440C,3DD.00776EF61B,11W,104,11.7,fish,LEMTRP,"NA",batch_2,43766.462500000001,43766.885416666664,NA
19_20,8520C,3DD.0077702FBA,11W,109,13.6,fish,LEMTRP,"NA",batch_3,43766.462500000001,43766.885416666664,NA
19_20,8510C,3DD.0077708B37,11W,106,14.8,fish,LEMTRP,"NA",batch_3,43766.463888888888,43766.885416666664,NA
19_20,8460C,"NA","NA","NA","NA",test,"NA","NA",batch_3,43766.465277777781,"NA",NA
19_20,1525C,"NA","NA","NA","NA",test,"NA","NA",batch_3,43766.468055555553,"NA",NA
19_20,1240C,3DD.0077701482,11W,116,17.600000000000001,fish,LEMTRP,"NA",batch_1,43766.472222222219,43766.885416666664,NA
19_20,2180C,"NA","NA","NA","NA",broke,"NA","NA",batch_1,"NA","NA",NA
19_20,1220C,"NA","NA","NA","NA",broke,"NA","NA",batch_1,"NA","NA",NA
19_20,9250C,"NA","NA","NA","NA",broke,"NA","NA",batch_1,"NA","NA",NA
19_20,9320C,"NA","NA","NA","NA",broke,"NA","NA",batch_1,"NA","NA",NA
19_20,7330C,"NA","NA","NA","NA",broke,"NA","NA",batch_1,"NA","NA",NA
19_20,6400C,"NA","NA","NA","NA",broke,"NA","NA",batch_2,"NA","NA",NA
19_20,6420C,"NA","NA","NA","NA",broke,"NA","NA",batch_2,"NA","NA",NA
19_20,2440C,"NA","NA","NA","NA",broke,"NA","NA",batch_2,"NA","NA",NA
19_20,9190C,3DD.00776F478B,11W,111,15.2,fish,LEMTRP,"NA",batch_3,"NA",43766.885416666664,NA
19_20,9240C,"NA","NA","NA","NA","NA","NA","NA",batch_1,"NA","NA",This was the one that was coded wrong I think 9190
